,PlayerID,Season,Injury,From,Until,Days,Games Missed
0,234509,21/22,Groin injury,"Apr 16, 2022","Jun 30, 2022",75 days,7
1,234509,19/20,Shoulder injury,"Jan 25, 2020","Feb 1, 2020",7 days,1
2,234509,18/19,Ill,"Jan 19, 2019","Jan 23, 2019",4 days,1
3,234509,18/19,Rest,"Oct 31, 2018","Oct 31, 2018",0 days,1
4,234509,17/18,Rest,"Sep 20, 2017","Sep 20, 2017",0 days,1
5,234509,16/17,Rest,"Oct 26, 2016","Oct 26, 2016",0 days,1
6,336077,22/23,Hip problems,"Apr 14, 2023","Jun 20, 2023",67 days,17
7,336077,22/23,Fitness,"Dec 17, 2022","Dec 21, 2022",4 days,1
8,336077,22/23,Hip problems,"Dec 3, 2022","Dec 17, 2022",14 days,-
9,336077,22/23,Knee injury,"Jul 27, 2022","Aug 4, 2022",8 days,2
10,336077,21/22,Shoulder injury,"Oct 30, 2021","Feb 9, 2022",102 days,21
11,336077,20/21,Scaphoid fracture,"Apr 16, 2021","May 13, 2021",27 days,6
12,336077,19/20,Pubalgia,"Mar 12, 2020","Apr 6, 2020",25 days,1
13,336077,18/19,cold,"May 13, 2019","May 21, 2019",8 days,1
14,34130,23/24,Calf injury,"Aug 10, 2023","Sep 17, 2023",38 days,5
15,34130,22/23,Ankle injury,"Mar 18, 2023","May 17, 2023",60 days,13
16,34130,20/21,Knock,"Nov 10, 2020","Dec 12, 2020",32 days,3
17,34130,19/20,Cruciate ligament injury,"Jan 1, 2020","Nov 7, 2020",311 days,31
18,34130,19/20,Calf strain,"Nov 10, 2019","Nov 24, 2019",14 days,1
19,34130,18/19,Calf strain,"Jun 9, 2018","Aug 11, 2018",63 days,10
20,34130,17/18,Shoulder injury,"Sep 10, 2017","Mar 31, 2018",202 days,36
21,480762,23/24,Foot injury,"Sep 21, 2023",-,77 days,16
22,480762,22/23,Metatarsal fracture,"Apr 14, 2023","Jun 30, 2023",77 days,12
23,480762,21/22,Muscle injury,"Mar 21, 2022","May 22, 2022",62 days,10
24,480762,21/22,unknown injury,"Dec 21, 2021","Dec 31, 2021",10 days,1
25,480762,20/21,Knock,"Sep 13, 2020","Sep 19, 2020",6 days,1
26,480762,19/20,Hamstring injury,"Jul 5, 2019","Jul 25, 2019",20 days,1
27,164770,23/24,unknown injury,"Aug 26, 2023","Sep 22, 2023",27 days,4
28,164770,22/23,Foot injury,"Apr 14, 2023","May 8, 2023",24 days,7
29,164770,22/23,Leg injury,"Oct 22, 2022","Nov 14, 2022",23 days,7
30,164770,22/23,Ankle sprain,"Oct 3, 2022","Oct 8, 2022",5 days,1
31,164770,21/22,muscular problems,"Apr 3, 2022","Apr 21, 2022",18 days,3
32,164770,21/22,Corona virus,"Mar 1, 2022","Mar 9, 2022",8 days,1
33,164770,21/22,Abdominal problems,"Feb 14, 2022","Feb 18, 2022",4 days,1
34,164770,21/22,Hamstring injury,"Nov 2, 2021","Dec 22, 2021",50 days,11
35,164770,21/22,Groin injury,"Oct 11, 2021","Oct 26, 2021",15 days,3
36,164770,20/21,Leg injury,"May 2, 2021","May 19, 2021",17 days,4
37,164770,20/21,Corona virus,"Apr 6, 2021","Apr 20, 2021",14 days,4
38,164770,18/19,flu,"Feb 12, 2019","Feb 16, 2019",4 days,1
39,164770,18/19,Adductor injury,"Oct 29, 2018","Nov 14, 2018",16 days,4
40,164770,17/18,Adductor injury,"Oct 30, 2017","Nov 11, 2017",12 days,3
41,164770,17/18,muscular problems,"Aug 21, 2017","Sep 11, 2017",21 days,4
42,177907,22/23,Hamstring injury,"Sep 26, 2022","Oct 25, 2022",29 days,7
43,177907,21/22,Knee problems,"Apr 26, 2022","May 3, 2022",7 days,2
44,177907,21/22,Chest injury,"Jan 1, 2022","Jan 14, 2022",13 days,2
45,177907,21/22,Calf injury,"Sep 25, 2021","Oct 15, 2021",20 days,5
46,177907,20/21,Ankle injury,"May 9, 2021","Jun 13, 2021",35 days,9
47,177907,18/19,Foot injury,"Jan 20, 2019","Jan 29, 2019",9 days,-
48,177907,18/19,Knee injury,"Nov 3, 2018","Dec 8, 2018",35 days,9
49,184573,22/23,Back problems,"Aug 7, 2022","Aug 31, 2022",24 days,4
50,184573,21/22,Ill,"Jan 31, 2022","Feb 7, 2022",7 days,1
51,184573,21/22,Corona virus,"Dec 26, 2021","Jan 5, 2022",10 days,3
52,184573,21/22,heart problems,"Dec 11, 2021","Dec 21, 2021",10 days,1
53,184573,20/21,Back injury,"Dec 27, 2020","Jan 6, 2021",10 days,3
54,184573,19/20,Back injury,"Jul 5, 2020","Jul 8, 2020",3 days,-
55,184573,19/20,Ill,"Jan 20, 2020","Jan 25, 2020",5 days,1
56,184573,19/20,Back injury,"Nov 3, 2019","Nov 9, 2019",6 days,1
57,184573,18/19,Groin strain,"Nov 25, 2018","Dec 15, 2018",20 days,5
58,42412,23/24,Hamstring strain,"Nov 8, 2023",-,29 days,6
59,42412,22/23,Calf injury,"Dec 10, 2022","May 2, 2023",143 days,26
60,42412,22/23,Calf problems,"Oct 10, 2022","Nov 6, 2022",27 days,5
61,42412,21/22,Hamstring injury,"Dec 12, 2021","Mar 31, 2022",109 days,21
62,42412,21/22,Foot injury,"Aug 1, 2021","Sep 10, 2021",40 days,7
63,42412,20/21,Muscle injury,"May 6, 2021","May 12, 2021",6 days,2
64,42412,20/21,Knock,"Jan 28, 2021","Jan 29, 2021",1 days,-
65,42412,20/21,Back injury,"Oct 26, 2020","Nov 7, 2020",12 days,3
66,42412,20/21,Knock,"Oct 15, 2020","Oct 17, 2020",2 days,-
67,42412,20/21,Hamstring strain,"Sep 10, 2020","Sep 26, 2020",16 days,3
68,42412,19/20,Hamstring strain,"Nov 24, 2019","Nov 30, 2019",6 days,-
69,42412,19/20,Hip injury,"Mar 31, 2019","Apr 11, 2019",11 days,1
70,42412,18/19,Toe injury,"Jan 8, 2019","Jan 18, 2019",10 days,1
71,42412,18/19,Ill,"Dec 27, 2018","Dec 31, 2018",4 days,1
72,42412,18/19,Knock,"Dec 2, 2018","Dec 7, 2018",5 days,1
73,183288,23/24,Muscle injury,"Aug 23, 2023","Nov 23, 2023",92 days,16
74,183288,22/23,unknown injury,"Apr 6, 2023","Apr 19, 2023",13 days,3
75,183288,21/22,Leg injury,"Apr 2, 2022","May 13, 2022",41 days,8
76,183288,21/22,Corona virus,"Mar 2, 2022","Mar 16, 2022",14 days,3
77,183288,21/22,Hamstring injury,"Jan 18, 2022","Jan 31, 2022",13 days,2
78,183288,21/22,Head injury,"Nov 20, 2021","Dec 7, 2021",17 days,5
79,183288,20/21,Hamstring injury,"Nov 7, 2020","Dec 7, 2020",30 days,9
80,183288,20/21,Ankle injury,"Jul 14, 2020","Sep 11, 2020",59 days,9
81,183288,19/20,Ill,"Jan 3, 2020","Jan 10, 2020",7 days,2
82,183288,19/20,Muscle injury,"Oct 18, 2019","Nov 27, 2019",40 days,10
83,183288,19/20,Hamstring injury,"Aug 24, 2019","Oct 7, 2019",44 days,11
84,183288,18/19,bruise,"Mar 18, 2019","Mar 29, 2019",11 days,2
85,183288,18/19,bruise,"Dec 2, 2018","Dec 21, 2018",19 days,4
86,183288,18/19,Ankle injury,"Oct 7, 2018","Oct 19, 2018",12 days,2
87,183288,18/19,concussion,"Sep 8, 2018","Sep 19, 2018",11 days,3
88,339340,23/24,unknown injury,"Jul 18, 2023",-,142 days,22
89,339340,21/22,Hamstring injury,"May 12, 2022","May 24, 2022",12 days,1
90,339340,21/22,minor knock,"Mar 16, 2022","Mar 19, 2022",3 days,1
91,339340,21/22,Rest,"Dec 8, 2021","Dec 10, 2021",2 days,1
92,339340,20/21,Ill,"Mar 26, 2021","Mar 28, 2021",2 days,2
93,339340,20/21,Knock,"Nov 21, 2020","Nov 30, 2020",9 days,3
94,339340,19/20,Hip injury,"Jul 1, 2020","Oct 3, 2020",94 days,7
95,339340,19/20,Ill,"Sep 4, 2019","Sep 11, 2019",7 days,8
96,339340,18/19,Knock,"Jan 1, 2019","Feb 23, 2019",53 days,12
97,282429,22/23,Hamstring injury,"Feb 20, 2023","Mar 13, 2023",21 days,3
98,282429,22/23,Pubalgia,"Aug 21, 2022","Oct 27, 2022",67 days,26
99,282429,21/22,Groin problems,"Apr 30, 2022","Jun 30, 2022",61 days,5
100,282429,21/22,Corona virus,"Feb 15, 2022","Feb 22, 2022",7 days,1
101,282429,20/21,Muscle injury,"Jan 26, 2021","Feb 19, 2021",24 days,7
102,282429,20/21,ankle sprain,"Sep 7, 2020","Sep 25, 2020",18 days,3
103,282429,19/20,Right hip flexor problems,"Aug 2, 2019","Aug 8, 2019",6 days,-
104,282429,18/19,Toe injury,"May 10, 2019","May 17, 2019",7 days,1
105,282429,18/19,Knock,"Dec 4, 2018","Dec 17, 2018",13 days,4
106,282429,18/19,Muscle injury,"Nov 12, 2018","Nov 30, 2018",18 days,6
107,357147,22/23,Hamstring injury,"Jan 11, 2023","Feb 2, 2023",22 days,6
108,357147,19/20,Groin injury,"Oct 18, 2019","Jan 2, 2020",76 days,23
109,357147,19/20,Knock,"Sep 20, 2019","Oct 2, 2019",12 days,3
110,357147,19/20,Hip injury,"Aug 4, 2019","Sep 17, 2019",44 days,9
111,357147,18/19,Knock,"Dec 9, 2018","Dec 15, 2018",6 days,1
112,357147,18/19,unknown injury,"Oct 17, 2018","Nov 30, 2018",44 days,15
113,357147,17/18,Meniscus injury,"Apr 28, 2018","Aug 30, 2018",124 days,7
114,477758,23/24,Hamstring injury,"Sep 16, 2023","Oct 30, 2023",44 days,10
115,477758,22/23,Back problems,"Sep 12, 2022","Oct 25, 2022",43 days,8
116,477758,21/22,Ill,"Jan 14, 2022","Jan 23, 2022",9 days,3
117,477758,21/22,Hand injury,"Nov 29, 2021","Dec 4, 2021",5 days,1
118,477758,19/20,Back injury,"Mar 2, 2020","Mar 7, 2020",5 days,1
119,477758,19/20,Tonsillitis,"Sep 27, 2019","Oct 19, 2019",22 days,3
120,477758,19/20,Back injury,"Sep 3, 2019","Sep 13, 2019",10 days,-
121,477758,18/19,Hamstring injury,"Feb 10, 2019","Mar 2, 2019",20 days,4
122,477758,18/19,Shoulder injury,"Nov 11, 2018","Nov 23, 2018",12 days,2
123,16306,23/24,Knock,"Oct 13, 2023",-,55 days,11
124,16306,21/22,muscular problems,"Apr 19, 2022","Apr 25, 2022",6 days,1
125,16306,21/22,Stomach flu,"Feb 5, 2022","Feb 11, 2022",6 days,1
126,16306,21/22,infection,"Oct 4, 2021","Oct 16, 2021",12 days,3
127,16306,20/21,Corona virus,"Nov 7, 2020","Nov 22, 2020",15 days,4
128,16306,18/19,ankle sprain,"Nov 12, 2018","Dec 17, 2018",35 days,9
129,16306,17/18,stomach problems,"Feb 26, 2018","Feb 28, 2018",2 days,1
130,16306,16/17,Fracture of fibula shaft,"Sep 19, 2016","Nov 25, 2016",67 days,17
131,16306,15/16,muscular problems,"May 2, 2016","May 8, 2016",6 days,2
132,16306,15/16,minor knock,"Apr 14, 2016","Apr 18, 2016",4 days,1
133,16306,14/15,Ankle sprain,"Sep 25, 2014","Oct 16, 2014",21 days,5
134,287579,23/24,unknown injury,"Aug 21, 2023","Sep 20, 2023",30 days,5
135,287579,22/23,Rest,"May 20, 2023","May 22, 2023",2 days,1
136,287579,22/23,Rest,"May 2, 2023","May 5, 2023",3 days,3
137,287579,22/23,Lumbago,"Apr 16, 2023","Apr 21, 2023",5 days,2
138,287579,22/23,Back problems,"Nov 1, 2022","Nov 5, 2022",4 days,1
139,287579,21/22,influenza,"Mar 17, 2022","Mar 21, 2022",4 days,1
140,287579,21/22,Pubalgia,"Jul 14, 2021","Aug 23, 2021",40 days,2
141,287579,20/21,Bruised back,"Mar 7, 2021","Mar 21, 2021",14 days,3
142,287579,19/20,Muscle fatigue,"Jul 4, 2020","Jul 7, 2020",3 days,1
143,287579,18/19,Muscle strain,"Apr 26, 2019","Apr 30, 2019",4 days,1
144,287579,18/19,muscular problems,"Dec 25, 2018","Dec 29, 2018",4 days,1
145,287579,18/19,Knock,"Dec 13, 2018","Dec 16, 2018",3 days,1
146,287579,18/19,Ankle injury,"Sep 27, 2018","Oct 8, 2018",11 days,3
147,287579,16/17,Ankle injury,"Feb 7, 2017","Feb 23, 2017",16 days,2
148,315969,22/23,unknown injury,"Apr 9, 2023","May 17, 2023",38 days,9
149,315969,22/23,unknown injury,"Jan 27, 2023","Feb 18, 2023",22 days,6
150,315969,21/22,Foot injury,"Apr 6, 2022","Apr 18, 2022",12 days,2
151,315969,21/22,Ill,"Feb 22, 2022","Mar 2, 2022",8 days,2
152,315969,21/22,Groin injury,"Aug 26, 2021","Sep 16, 2021",21 days,3
153,315969,20/21,Knock,"Feb 18, 2021","Feb 26, 2021",8 days,3
154,315969,20/21,bruise,"Nov 22, 2020","Dec 1, 2020",9 days,2
155,315969,19/20,Knee injury,"Dec 27, 2019","Feb 22, 2020",57 days,13
156,315969,19/20,Knee injury,"Nov 11, 2019","Dec 4, 2019",23 days,6
157,315969,18/19,bruise,"Dec 9, 2018","Jan 4, 2019",26 days,6
158,315969,18/19,Knee injury,"Oct 7, 2018","Nov 2, 2018",26 days,5
159,288255,22/23,Knee collateral ligament strain,"Jan 3, 2023","Jun 30, 2023",178 days,38
160,288255,22/23,Shingles,"Sep 3, 2022","Oct 24, 2022",51 days,10
161,288255,21/22,Thigh problems,"Apr 21, 2022","May 16, 2022",25 days,5
162,288255,21/22,Thigh problems,"Mar 31, 2022","Apr 11, 2022",11 days,3
163,288255,21/22,Groin injury,"Jun 7, 2021","Jul 12, 2021",35 days,-
164,288255,20/21,Muscle injury,"Mar 1, 2021","Mar 15, 2021",14 days,4
165,288255,19/20,Hamstring injury,"Aug 22, 2019","Sep 23, 2019",32 days,7
166,288255,18/19,Groin injury,"May 31, 2018","Jul 2, 2018",32 days,1
167,820374,23/24,Ankle injury,"Jul 27, 2023","Oct 22, 2023",87 days,17
168,240306,21/22,Ill,"Mar 12, 2022","Mar 14, 2022",2 days,1
169,240306,18/19,Leg injury,"Mar 19, 2019","Mar 29, 2019",10 days,2
170,240306,16/17,flu,"Jan 5, 2017","Jan 7, 2017",2 days,1
171,346483,23/24,unknown injury,"Nov 24, 2023",-,13 days,4
172,346483,23/24,unknown injury,"Aug 19, 2023","Sep 25, 2023",37 days,6
173,346483,22/23,Pelvic injury,"Apr 25, 2023","May 31, 2023",36 days,7
174,346483,22/23,Pelvic contusion,"Feb 28, 2023","Apr 3, 2023",34 days,5
175,346483,22/23,Knock,"Jan 5, 2023","Jan 7, 2023",2 days,1
176,346483,21/22,Ankle injury,"Feb 14, 2022","Feb 21, 2022",7 days,1
177,346483,21/22,minor knock,"Sep 20, 2021","Sep 30, 2021",10 days,3
178,346483,20/21,Quarantine,"Jun 21, 2021","Jun 28, 2021",7 days,1
179,346483,19/20,Ankle injury,"Nov 7, 2019","Nov 7, 2019",0 days,-
180,346483,19/20,Ankle injury,"Sep 19, 2019","Sep 23, 2019",4 days,1
181,346483,18/19,Hamstring injury,"Jan 27, 2019","Mar 27, 2019",59 days,14
182,346483,18/19,Ankle injury,"Nov 1, 2018","Nov 22, 2018",21 days,8
183,69633,23/24,Knee injury,"Nov 11, 2023","Dec 11, 2023",30 days,6
184,69633,22/23,Ankle injury,"Jan 29, 2023","Apr 6, 2023",67 days,18
185,69633,20/21,heart problems,"Jun 13, 2021","Jan 31, 2022",232 days,?
186,69633,19/20,Muscle strain,"Oct 16, 2019","Oct 21, 2019",5 days,1
187,69633,18/19,Abdominal muscle strain,"Sep 22, 2018","Oct 20, 2018",28 days,8
188,69633,15/16,Knee injury,"Aug 21, 2015","Sep 17, 2015",27 days,6
189,69633,13/14,unknown injury,"Nov 16, 2013","Dec 10, 2013",24 days,6
190,69633,10/11,flu,"Sep 11, 2010","Sep 15, 2010",4 days,2
191,607224,21/22,Corona virus,"Jan 6, 2022","Jan 8, 2022",2 days,-
192,258923,22/23,Leg injury,"May 11, 2023","May 24, 2023",13 days,2
193,258923,22/23,Muscle injury,"Apr 8, 2023","Apr 19, 2023",11 days,3
194,258923,22/23,unknown injury,"Mar 19, 2023","Mar 31, 2023",12 days,3
195,258923,22/23,Muscle injury,"Sep 4, 2022","Sep 19, 2022",15 days,3
196,258923,21/22,bronchitis,"May 4, 2022","May 19, 2022",15 days,1
197,258923,21/22,horse kiss,"Jan 13, 2022","Jan 17, 2022",4 days,1
198,258923,21/22,Shoulder injury,"Jul 14, 2021","Oct 15, 2021",93 days,15
199,258923,20/21,Shoulder injury,"Nov 8, 2020","Nov 20, 2020",12 days,3
200,258923,19/20,Back injury,"Jan 16, 2020","Jun 5, 2020",141 days,13
201,258923,19/20,Hip injury,"Sep 22, 2019","Sep 30, 2019",8 days,3
202,258923,18/19,Ankle injury,"Mar 18, 2019","Mar 26, 2019",8 days,2
203,401173,22/23,depression,"Dec 26, 2022","Jan 31, 2023",36 days,10
204,401173,22/23,Ill,"Nov 1, 2022","Nov 14, 2022",13 days,4
205,401173,21/22,Tonsillitis,"Apr 26, 2022","May 8, 2022",12 days,3
206,401173,20/21,Torn muscle bundle,"Mar 3, 2021","Apr 19, 2021",47 days,12
207,401173,20/21,infection,"Sep 29, 2020","Oct 4, 2020",5 days,2
208,401173,18/19,infection,"Feb 4, 2019","Feb 6, 2019",2 days,1
209,401173,17/18,Ligament injury,"Feb 5, 2018","Mar 15, 2018",38 days,9
210,401173,17/18,Ligament stretching,"Dec 11, 2017","Jan 4, 2018",24 days,3
211,401173,17/18,Fitness,"Nov 23, 2017","Nov 27, 2017",4 days,1
212,401173,17/18,Fitness,"Aug 7, 2017","Sep 4, 2017",28 days,3
213,811779,22/23,Ankle injury,"Mar 13, 2023","May 2, 2023",50 days,11
214,602105,22/23,Leg injury,"Feb 5, 2023","Feb 20, 2023",15 days,4
215,602105,22/23,unknown injury,"Oct 28, 2022","Nov 23, 2022",26 days,5
216,602105,21/22,Ankle injury,"Mar 30, 2022","Jul 22, 2022",114 days,8
217,602105,21/22,unknown injury,"Nov 23, 2021","Dec 1, 2021",8 days,2
218,602105,20/21,Knock,"Mar 19, 2021","Apr 3, 2021",15 days,1
219,602105,20/21,muscular problems,"Nov 9, 2020","Nov 24, 2020",15 days,1
220,602105,20/21,Knock,"Oct 20, 2020","Oct 23, 2020",3 days,1
221,536835,23/24,Knee injury,"Aug 3, 2023",-,126 days,22
222,536835,21/22,unknown injury,"Mar 2, 2022","Mar 9, 2022",7 days,2
223,536835,21/22,Thigh problems,"Aug 28, 2021","Oct 8, 2021",41 days,11
224,676318,22/23,Ankle injury,"Jul 30, 2022","Aug 31, 2022",32 days,4
225,676318,21/22,Ankle injury,"Feb 3, 2022","Feb 11, 2022",8 days,1
226,676318,21/22,Corona virus,"Jan 1, 2022","Jan 7, 2022",6 days,1
227,676318,20/21,muscular problems,"Apr 22, 2021","May 6, 2021",14 days,2
228,676318,20/21,Muscle injury,"Apr 7, 2021","Apr 14, 2021",7 days,1
229,676318,20/21,Corona virus,"Jan 7, 2021","Jan 25, 2021",18 days,5
230,676318,20/21,Muscle injury,"Aug 21, 2020","Aug 26, 2020",5 days,1
231,610442,23/24,Hamstring strain,"Nov 11, 2023","Nov 27, 2023",16 days,2
232,610442,23/24,Back injury,"Aug 1, 2023","Aug 31, 2023",30 days,5
233,610442,22/23,Adductor pain,"May 3, 2023","May 12, 2023",9 days,2
234,182877,22/23,Hip injury,"Feb 2, 2023","Mar 8, 2023",34 days,9
235,182877,22/23,unknown injury,"Jan 14, 2023","Jan 30, 2023",16 days,5
236,182877,22/23,Back injury,"Oct 10, 2022","Oct 31, 2022",21 days,6
237,182877,22/23,Achilles tendon irritation,"Aug 23, 2022","Sep 26, 2022",34 days,5
238,182877,22/23,Hamstring injury,"Jul 31, 2022","Aug 18, 2022",18 days,2
239,182877,21/22,Muscle injury,"Feb 21, 2022","Mar 9, 2022",16 days,3
240,182877,21/22,Knee injury,"Dec 4, 2021","Dec 13, 2021",9 days,3
241,182877,21/22,Fitness,"Oct 15, 2021","Oct 29, 2021",14 days,3
242,182877,20/21,Torn knee ligaments,"Mar 29, 2021","Aug 2, 2021",126 days,14
243,182877,20/21,Hip injury,"Mar 11, 2021","Mar 20, 2021",9 days,3
244,182877,19/20,Hamstring strain,"Aug 25, 2019","Oct 20, 2019",56 days,9
245,182877,18/19,influenza,"Apr 29, 2019","May 11, 2019",12 days,1
246,182877,18/19,Knee injury,"Mar 18, 2019","Mar 29, 2019",11 days,-
247,182877,18/19,Groin strain,"Feb 13, 2019","Mar 10, 2019",25 days,6
248,182877,18/19,influenza,"Jan 26, 2019","Feb 2, 2019",7 days,1
249,427568,19/20,Virus,"May 26, 2020","May 31, 2020",5 days,-
250,427568,19/20,Knock,"Jan 11, 2020","Jan 17, 2020",6 days,1
251,262749,21/22,Knee injury,"Oct 25, 2021","Feb 4, 2022",102 days,19
252,493513,21/22,Finger injury,"Feb 23, 2022","May 14, 2022",80 days,18
253,493513,18/19,Broken hand,"Jan 10, 2019","Mar 31, 2019",80 days,17
254,495666,23/24,Toe injury,"Oct 9, 2023","Oct 19, 2023",10 days,?
255,495666,22/23,Back injury,"Mar 16, 2023","Jul 1, 2023",107 days,16
256,495666,19/20,Metatarsal fracture,"Nov 4, 2019","Jan 20, 2020",77 days,19
257,495666,18/19,Hamstring injury,"May 23, 2019","Sep 28, 2019",128 days,22
258,435338,21/22,Knee injury,"Jul 6, 2021","Aug 25, 2021",50 days,3
259,435338,20/21,Corona virus,"Dec 26, 2020","Jan 13, 2021",18 days,4
260,435338,20/21,Ill,"Aug 1, 2020","Aug 31, 2020",30 days,2
261,435338,19/20,Foot injury,"Aug 1, 2019","Aug 25, 2019",24 days,2
262,420243,23/24,Cruciate ligament tear,"Aug 13, 2023",-,116 days,21
263,420243,22/23,Ill,"Jan 11, 2023","Jan 13, 2023",2 days,1
264,420243,22/23,Knock,"Jul 15, 2022","Jul 22, 2022",7 days,-
265,420243,21/22,Knock,"Mar 23, 2022","Apr 1, 2022",9 days,2
266,420243,21/22,Knock,"Feb 25, 2022","Mar 10, 2022",13 days,3
267,420243,21/22,Knock,"Nov 8, 2021","Nov 20, 2021",12 days,2
268,420243,21/22,Abdominal problems,"Sep 20, 2021","Sep 24, 2021",4 days,1
269,420243,20/21,Corona virus,"Mar 11, 2021","Apr 3, 2021",23 days,8
270,420243,20/21,Inflammation of the pancreas,"Dec 10, 2020","Jan 5, 2021",26 days,4
271,420243,20/21,Hamstring injury,"Oct 17, 2020","Oct 30, 2020",13 days,4
272,425918,21/22,unknown injury,"Oct 8, 2021","Oct 30, 2021",22 days,6
273,203853,22/23,Calf muscle tear,"May 7, 2023","Aug 11, 2023",96 days,5
274,203853,22/23,unknown injury,"Apr 14, 2023","Apr 17, 2023",3 days,1
275,203853,22/23,Calf injury,"Sep 16, 2022","Nov 1, 2022",46 days,11
276,203853,22/23,Knee problems,"Aug 26, 2022","Sep 3, 2022",8 days,2
277,203853,21/22,Corona virus,"Jan 1, 2022","Jan 31, 2022",30 days,4
278,203853,21/22,unknown injury,"Sep 17, 2021","Oct 14, 2021",27 days,7
279,203853,21/22,Fitness,"Jul 31, 2021","Aug 8, 2021",8 days,1
280,203853,20/21,Knock,"Dec 2, 2020","Dec 18, 2020",16 days,4
281,203853,20/21,Quarantine,"Nov 18, 2020","Nov 30, 2020",12 days,3
282,203853,20/21,Knock,"Sep 28, 2020","Oct 20, 2020",22 days,6
283,203853,20/21,Muscle injury,"Sep 20, 2020","Sep 25, 2020",5 days,2
284,203853,19/20,muscle stiffness,"Feb 5, 2020","Feb 27, 2020",22 days,3
285,203853,19/20,Knock,"Jan 5, 2020","Jan 19, 2020",14 days,3
286,203853,19/20,Ill,"Dec 30, 2019","Jan 3, 2020",4 days,1
287,203853,19/20,Knee surgery,"Oct 18, 2019","Dec 14, 2019",57 days,15
288,331560,22/23,Knee surgery,"Mar 16, 2023","Jul 1, 2023",107 days,16
289,331560,21/22,Calf injury,"Feb 20, 2022","Apr 21, 2022",60 days,11
290,331560,20/21,Knee problems,"Jun 9, 2021","Jun 16, 2021",7 days,2
291,331560,20/21,muscular problems,"Apr 3, 2021","May 2, 2021",29 days,6
292,331560,20/21,Calf injury,"Feb 26, 2021","Mar 16, 2021",18 days,4
293,331560,19/20,Hamstring injury,"Jul 22, 2020","Aug 31, 2020",40 days,3
294,331560,19/20,Hamstring muscle injury,"Oct 11, 2019","Nov 16, 2019",36 days,7
295,331560,18/19,Knee bruise,"Nov 17, 2018","Nov 24, 2018",7 days,1
296,112988,20/21,Calf strain,"Aug 30, 2020","Sep 30, 2020",31 days,6
297,112988,19/20,Broken nose bone,"Jun 17, 2020","Jun 26, 2020",9 days,3
298,112988,19/20,Knee injury,"Jan 21, 2020","Mar 2, 2020",41 days,11
299,112988,19/20,Calf injury,"Sep 26, 2019","Nov 8, 2019",43 days,8
300,112988,18/19,Calf strain,"Dec 8, 2018","Dec 31, 2018",23 days,5
301,112988,17/18,Ankle injury,"Dec 16, 2017","Jan 13, 2018",28 days,7
302,112988,16/17,Ill,"Dec 9, 2016","Dec 18, 2016",9 days,3
303,112988,16/17,Foot injury,"Oct 2, 2016","Nov 19, 2016",48 days,12
304,112988,15/16,Groin injury,"Dec 22, 2015","Jan 8, 2016",17 days,3
305,112988,14/15,Rib fracture,"Aug 17, 2014","Sep 14, 2014",28 days,4
306,112988,13/14,influenza,"Jul 3, 2013","Jul 7, 2013",4 days,-
307,112988,12/13,Hip bruise,"May 13, 2013","Jun 30, 2013",48 days,3
308,112988,12/13,Thigh problems,"Apr 13, 2013","May 1, 2013",18 days,2
309,357662,18/19,Ill,"Apr 28, 2019","May 11, 2019",13 days,7
310,230784,23/24,Hamstring injury,"Nov 9, 2023","Dec 31, 2023",52 days,11
311,230784,23/24,Groin injury,"Sep 2, 2023","Oct 3, 2023",31 days,7
312,230784,22/23,Knock,"Sep 22, 2022","Sep 30, 2022",8 days,2
313,230784,22/23,Thigh problems,"Aug 25, 2022","Sep 15, 2022",21 days,4
314,230784,21/22,Knock,"Apr 4, 2022","Jul 25, 2022",112 days,14
315,230784,21/22,Ankle injury,"Jul 29, 2021","Aug 30, 2021",32 days,4
316,230784,20/21,Hamstring injury,"Feb 4, 2021","Feb 22, 2021",18 days,4
317,230784,20/21,Hip injury,"Dec 3, 2020","Jan 11, 2021",39 days,11
318,230784,20/21,Muscle injury,"Nov 9, 2020","Dec 3, 2020",24 days,6
319,230784,19/20,Hamstring injury,"Sep 9, 2019","Sep 16, 2019",7 days,1
320,230784,15/16,Hamstring injury,"Feb 8, 2016","Mar 7, 2016",28 days,6
321,102017,21/22,unknown injury,"May 1, 2022","May 8, 2022",7 days,2
322,102017,14/15,Muscle fatigue,"Sep 29, 2014","Oct 6, 2014",7 days,2
323,102017,13/14,Fever,"Dec 13, 2013","Dec 16, 2013",3 days,1
324,160438,22/23,Knee injury,"Jan 14, 2023","Sep 20, 2023",249 days,37
325,160438,22/23,Thigh problems,"Aug 27, 2022","Nov 1, 2022",66 days,16
326,160438,20/21,Virus,"Nov 16, 2020","Nov 28, 2020",12 days,3
327,160438,18/19,Hamstring injury,"Oct 30, 2018","Nov 24, 2018",25 days,5
328,160438,17/18,Ankle injury,"Apr 22, 2018","May 12, 2018",20 days,6
329,160438,16/17,Calf strain,"Jan 26, 2017","Feb 2, 2017",7 days,4
330,160438,13/14,Arm injury,"Sep 12, 2013","Sep 23, 2013",11 days,3
331,160438,13/14,Shoulder injury,"Jul 22, 2013","Jul 25, 2013",3 days,-
332,316264,23/24,Hip problems,"Nov 3, 2023","Nov 22, 2023",19 days,3
333,316264,20/21,Ankle injury,"Apr 5, 2021","Apr 20, 2021",15 days,4
334,316264,20/21,Knock,"Jan 16, 2021","Jan 29, 2021",13 days,-
335,316264,20/21,Muscle injury,"Dec 7, 2020","Dec 20, 2020",13 days,4
336,316264,20/21,Calf injury,"Oct 16, 2020","Nov 6, 2020",21 days,6
337,316264,20/21,Knee problems,"Sep 1, 2020","Sep 19, 2020",18 days,2
338,316264,19/20,Knee problems,"Jan 6, 2020","Jan 16, 2020",10 days,1
339,316264,19/20,Heel injury,"Oct 31, 2019","Nov 21, 2019",21 days,4
340,316264,18/19,Hand injury,"Sep 27, 2018","Oct 6, 2018",9 days,1
341,316264,17/18,Metatarsal fracture,"Apr 2, 2018","Jun 30, 2018",89 days,-
342,316264,17/18,Foot injury,"Dec 1, 2017","Jan 1, 2018",31 days,5
343,316264,16/17,Knee problems,"Oct 31, 2016","Nov 6, 2016",6 days,2
344,309400,22/23,Knee injury,"Apr 24, 2023","May 1, 2023",7 days,1
345,309400,22/23,influenza,"Mar 26, 2023","Mar 29, 2023",3 days,1
346,309400,21/22,Corona virus,"Dec 15, 2021","Dec 28, 2021",13 days,4
347,309400,21/22,cold,"Sep 3, 2021","Sep 6, 2021",3 days,1
348,309400,20/21,Knock,"Feb 1, 2021","Feb 20, 2021",19 days,5
349,309400,20/21,Corona virus,"Nov 3, 2020","Nov 22, 2020",19 days,6
350,309400,19/20,muscular problems,"Jun 6, 2020","Jun 12, 2020",6 days,2
351,309400,19/20,Torn muscle fiber,"Nov 11, 2019","Nov 28, 2019",17 days,4
352,309400,19/20,Ill,"Oct 24, 2019","Oct 26, 2019",2 days,1
353,309400,18/19,Knee bruise,"Oct 8, 2018","Oct 19, 2018",11 days,2
354,309400,17/18,Knee problems,"Aug 14, 2017","Aug 24, 2017",10 days,1
355,392765,23/24,Knee injury,"Oct 31, 2023",-,37 days,8
356,392765,22/23,Groin surgery,"Sep 26, 2022","Nov 28, 2022",63 days,14
357,392765,20/21,Shoulder injury,"Sep 10, 2020","Oct 26, 2020",46 days,15
358,392765,19/20,Head injury,"Sep 23, 2019","Oct 7, 2019",14 days,2
359,392765,19/20,Groin injury,"Aug 8, 2019","Aug 19, 2019",11 days,2
360,392765,18/19,Adductor pain,"Apr 22, 2019","May 13, 2019",21 days,4
361,392765,18/19,Hamstring injury,"Jan 14, 2019","Apr 15, 2019",91 days,24
362,392765,18/19,Groin problems,"Nov 29, 2018","Feb 28, 2019",91 days,6
363,392765,18/19,Bruised ribs,"Sep 27, 2018","Oct 4, 2018",7 days,1
364,537598,21/22,Leg injury,"Jun 3, 2022","Jun 16, 2022",13 days,3
365,537598,20/21,Corona virus,"Jan 7, 2021","Jan 17, 2021",10 days,3
366,655488,23/24,Hamstring injury,"Sep 17, 2023","Oct 7, 2023",20 days,6
367,655488,22/23,Ankle injury,"May 14, 2023","Jun 1, 2023",18 days,3
368,655488,20/21,Ankle injury,"Jan 9, 2021","Jan 17, 2021",8 days,2
369,655488,20/21,Calf injury,"Dec 24, 2020","Dec 25, 2020",1 days,-
370,655488,19/20,Knee injury,"Jun 21, 2020","Dec 7, 2020",169 days,34
371,655488,19/20,Knock,"Feb 20, 2020","Feb 25, 2020",5 days,2
372,655488,19/20,Hamstring injury,"Dec 23, 2019","Jan 6, 2020",14 days,4
373,144028,21/22,Ill,"Apr 19, 2022","Apr 21, 2022",2 days,1
374,144028,21/22,Hamstring injury,"Dec 26, 2021","Jan 1, 2022",6 days,2
375,144028,21/22,Elbow injury,"Dec 4, 2021","Dec 14, 2021",10 days,1
376,144028,20/21,Groin injury,"Nov 2, 2020","Nov 27, 2020",25 days,5
377,144028,19/20,Groin injury,"Sep 1, 2019","Oct 18, 2019",47 days,9
378,144028,18/19,Hamstring injury,"Oct 23, 2018","Nov 9, 2018",17 days,5
379,144028,18/19,Shoulder injury,"Oct 5, 2018","Oct 18, 2018",13 days,3
380,144028,17/18,Muscle tear,"Aug 20, 2017","Dec 8, 2017",110 days,21
381,144028,16/17,Hamstring injury,"May 16, 2017","Jun 16, 2017",31 days,6
382,144028,16/17,Muscle injury,"May 6, 2017","May 15, 2017",9 days,2
383,433177,23/24,Thigh problems,"Oct 3, 2023","Oct 21, 2023",18 days,7
384,433177,21/22,horse kiss,"Jun 30, 2021","Jul 5, 2021",5 days,1
385,433177,20/21,Hip problems,"Jan 28, 2021","Jan 31, 2021",3 days,1
386,433177,20/21,Ankle injury,"Dec 30, 2020","Jan 1, 2021",2 days,-
387,433177,20/21,Hamstring injury,"Nov 23, 2020","Nov 28, 2020",5 days,1
388,433177,19/20,Knee injury,"Feb 3, 2020","Feb 15, 2020",12 days,2
389,340325,22/23,Thigh problems,"Dec 22, 2022","Feb 12, 2023",52 days,9
390,340325,22/23,Thigh problems,"Aug 8, 2022","Oct 3, 2022",56 days,8
391,340325,21/22,minor knock,"May 12, 2022","May 26, 2022",14 days,2
392,340325,21/22,Knock,"Feb 15, 2022","Mar 7, 2022",20 days,3
393,340325,21/22,Corona virus,"Feb 3, 2022","Feb 10, 2022",7 days,1
394,340325,21/22,Groin injury,"Sep 9, 2021","Oct 4, 2021",25 days,6
395,340325,20/21,Head injury,"Dec 3, 2020","Jan 11, 2021",39 days,11
396,340325,20/21,Knee injury,"Oct 29, 2020","Nov 23, 2020",25 days,5
397,340325,19/20,Hamstring injury,"Jan 9, 2020","Feb 24, 2020",46 days,8
398,340325,19/20,Ankle injury,"Oct 7, 2019","Nov 25, 2019",49 days,12
399,340325,18/19,Thigh problems,"Mar 25, 2019","Apr 11, 2019",17 days,3
400,340325,18/19,Back problems,"Jan 24, 2019","Jan 31, 2019",7 days,1
401,363205,23/24,Hamstring injury,"Oct 24, 2023","Nov 19, 2023",26 days,6
402,363205,23/24,Knee injury,"Aug 2, 2023","Aug 26, 2023",24 days,4
403,363205,22/23,Knee injury,"Dec 2, 2022","Mar 11, 2023",99 days,17
404,363205,20/21,Corona virus,"Dec 23, 2020","Jan 4, 2021",12 days,2
405,363205,20/21,Knock,"Dec 16, 2020","Dec 20, 2020",4 days,1
406,363205,20/21,Knock,"Sep 22, 2020","Nov 2, 2020",41 days,11
407,363205,19/20,Ill,"Dec 22, 2019","Dec 28, 2019",6 days,1
408,363205,19/20,Hamstring injury,"Aug 18, 2019","Sep 13, 2019",26 days,4
409,363205,18/19,Hamstring injury,"Feb 18, 2019","Mar 2, 2019",12 days,4
410,363205,18/19,Knock,"Dec 23, 2018","Dec 29, 2018",6 days,1
411,363205,18/19,Groin strain,"Nov 25, 2018","Nov 30, 2018",5 days,1
412,363205,17/18,Torn knee ligaments,"Jan 1, 2018","Feb 24, 2018",54 days,12
413,363205,17/18,Fracture of the eye socket,"Jun 10, 2017","Jun 30, 2017",20 days,1
414,363205,16/17,Metatarsal fracture,"Feb 16, 2017","Apr 24, 2017",67 days,15
415,340324,22/23,Ankle injury,"Mar 2, 2023","Apr 13, 2023",42 days,9
416,238223,20/21,Virus,"Dec 27, 2020","Jan 12, 2021",16 days,3
417,238223,19/20,Ill,"Dec 30, 2019","Jan 7, 2020",8 days,3
418,238223,19/20,Ill,"Dec 8, 2019","Dec 14, 2019",6 days,1
419,238223,19/20,muscular problems,"Nov 6, 2019","Nov 22, 2019",16 days,4
420,238223,17/18,Facial injury,"Sep 10, 2017","Sep 12, 2017",2 days,-
421,238223,16/17,Meniscus injury,"Jul 11, 2016","Aug 9, 2016",29 days,1
422,85941,21/22,Corona virus,"Dec 17, 2021","Dec 31, 2021",14 days,1
423,85941,19/20,influenza,"Feb 13, 2020","Feb 20, 2020",7 days,1
424,85941,18/19,Internal ligament strain,"Oct 23, 2018","Nov 19, 2018",27 days,4
425,85941,11/12,Eye injury,"Mar 13, 2012","Mar 17, 2012",4 days,1
426,85941,11/12,Hip bruise,"Nov 30, 2011","Dec 3, 2011",3 days,2
427,85941,10/11,Rib fracture,"Jul 18, 2010","Sep 9, 2010",53 days,6
428,221624,22/23,Knee surgery,"Jun 1, 2023",-,189 days,38
429,221624,22/23,Knee problems,"Aug 26, 2022","Sep 18, 2022",23 days,5
430,221624,21/22,Corona virus,"Sep 4, 2021","Sep 20, 2021",16 days,5
431,221624,20/21,Bone bruise,"Jun 8, 2021","Jul 8, 2021",30 days,1
432,221624,19/20,Inner ligament injury,"Apr 27, 2020","Sep 20, 2020",146 days,12
433,221624,19/20,Fitness,"Mar 29, 2020","Apr 20, 2020",22 days,-
434,221624,19/20,Patellar tendon problems,"Jan 17, 2020","Mar 29, 2020",72 days,11
435,221624,18/19,Foot injury,"May 11, 2019","May 22, 2019",11 days,2
436,221624,18/19,Knee problems,"Mar 17, 2019","Mar 29, 2019",12 days,3
437,221624,17/18,Knee injury,"Jun 21, 2018","Jul 5, 2018",14 days,2
438,14555,20/21,Virus,"Jan 6, 2021","Mar 14, 2021",67 days,20
439,14555,12/13,unknown injury,"Mar 16, 2013","Apr 1, 2013",16 days,5
440,14555,12/13,unknown injury,"Feb 2, 2013","Feb 10, 2013",8 days,4
441,258004,22/23,Hamstring injury,"Dec 22, 2022","Jan 15, 2023",24 days,7
442,258004,21/22,Knock,"Mar 3, 2022","Apr 11, 2022",39 days,9
443,258004,17/18,Ankle injury,"Mar 19, 2018","Mar 29, 2018",10 days,3
444,258004,17/18,Appendectomy,"Nov 16, 2017","Dec 14, 2017",28 days,7
445,475959,22/23,Groin problems,"Jun 11, 2023","Jul 7, 2023",26 days,2
446,475959,22/23,Thigh problems,"May 6, 2023","May 13, 2023",7 days,1
447,475959,21/22,Knee problems,"May 5, 2022","May 12, 2022",7 days,2
448,475959,20/21,Muscle injury,"May 13, 2021","Jun 17, 2021",35 days,7
449,475959,20/21,Muscle injury,"Mar 8, 2021","Mar 29, 2021",21 days,8
450,177476,22/23,Hamstring injury,"May 7, 2023","May 27, 2023",20 days,5
451,177476,22/23,Hamstring muscle injury,"Apr 19, 2023","May 1, 2023",12 days,4
452,177476,20/21,Hamstring injury,"Dec 27, 2020","Mar 14, 2021",77 days,21
453,177476,20/21,Hamstring injury,"Nov 11, 2020","Nov 30, 2020",19 days,5
454,177476,20/21,Groin strain,"Oct 21, 2020","Oct 30, 2020",9 days,3
455,177476,20/21,Groin injury,"Jul 13, 2020","Jul 25, 2020",12 days,2
456,177476,19/20,Head injury,"Feb 10, 2020","Feb 28, 2020",18 days,1
457,177476,19/20,Hamstring injury,"Dec 8, 2019","Jan 11, 2020",34 days,6
458,177476,18/19,Hamstring injury,"Dec 31, 2018","Jan 1, 2019",1 days,-
459,177476,18/19,Toe injury,"Aug 4, 2018","Aug 10, 2018",6 days,-
460,177476,17/18,Ankle injury,"Aug 27, 2017","Sep 8, 2017",12 days,2
461,177476,14/15,Hamstring injury,"Nov 14, 2014","Dec 19, 2014",35 days,10
462,186590,23/24,Hip injury,"Aug 10, 2023","Oct 1, 2023",52 days,12
463,186590,22/23,Hamstring injury,"Jan 27, 2023","Mar 1, 2023",33 days,8
464,186590,22/23,Hamstring injury,"Sep 26, 2022","Oct 20, 2022",24 days,5
465,186590,20/21,Rest,"Jan 22, 2021","Jan 24, 2021",2 days,1
466,186590,20/21,Knock,"Sep 22, 2020","Oct 2, 2020",10 days,3
467,186590,20/21,Ankle injury,"Jun 19, 2020","Jun 27, 2020",8 days,2
468,186590,19/20,Foot injury,"Jan 19, 2020","Jan 25, 2020",6 days,1
469,186590,19/20,Knock,"Dec 8, 2019","Jan 3, 2020",26 days,7
470,186590,19/20,Muscle injury,"Sep 17, 2019","Oct 22, 2019",35 days,10
471,186590,18/19,Muscle injury,"Aug 16, 2019","Sep 13, 2019",28 days,5
472,186590,18/19,Groin injury,"Mar 5, 2019","Mar 29, 2019",24 days,5
473,186590,18/19,Groin strain,"Feb 17, 2019","Mar 1, 2019",12 days,3
474,186590,17/18,minor knock,"Jun 28, 2018","Jul 2, 2018",4 days,-
475,186590,17/18,Adductor injury,"Apr 5, 2018","May 3, 2018",28 days,5
476,186590,17/18,Hamstring injury,"Nov 20, 2017","Jan 1, 2018",42 days,12
477,284730,21/22,minor knock,"Mar 28, 2022","Mar 31, 2022",3 days,1
478,284730,21/22,Torn muscle fiber,"Feb 18, 2022","Mar 17, 2022",27 days,5
479,284730,21/22,Calf problems,"Jan 23, 2022","Feb 1, 2022",9 days,-
480,284730,21/22,Knee surgery,"Dec 6, 2021","Jan 10, 2022",35 days,5
481,284730,20/21,Torn muscle fiber,"Feb 19, 2021","Mar 14, 2021",23 days,6
482,284730,20/21,Knee problems,"Dec 3, 2020","Dec 9, 2020",6 days,2
483,284730,20/21,Corona virus,"Oct 7, 2020","Oct 21, 2020",14 days,6
484,284730,19/20,muscular problems,"Jun 16, 2020","Jun 30, 2020",14 days,3
485,284730,18/19,Hip injury,"Jan 1, 2019","Feb 20, 2019",50 days,7
486,284730,18/19,Torn muscle fiber in the adductor area,"Dec 19, 2018","Dec 31, 2018",12 days,1
487,284730,18/19,Capsular injury,"Nov 29, 2018","Dec 5, 2018",6 days,1
488,284730,18/19,Hip problems,"Nov 11, 2018","Nov 19, 2018",8 days,5
489,284730,18/19,Hip problems,"Oct 10, 2018","Nov 1, 2018",22 days,9
490,284730,15/16,Cruciate ligament tear,"Mar 5, 2016","Dec 31, 2016",301 days,67
491,284730,15/16,Torn muscle fiber,"Nov 22, 2015","Dec 31, 2015",39 days,6
492,366930,23/24,Knock,"Nov 3, 2023","Nov 13, 2023",10 days,4
493,366930,22/23,Pubic bone bruise,"Jul 1, 2022","Aug 3, 2022",33 days,2
494,95424,22/23,Fitness,"Nov 18, 2022","Nov 22, 2022",4 days,1
495,95424,22/23,Groin injury,"Oct 3, 2022","Nov 17, 2022",45 days,11
496,95424,20/21,Knock,"Jan 21, 2021","Jan 25, 2021",4 days,1
497,95424,20/21,Corona virus,"Dec 21, 2020","Jan 4, 2021",14 days,3
498,95424,19/20,Knock,"Oct 7, 2019","Oct 28, 2019",21 days,5
499,95424,18/19,Groin injury,"Oct 15, 2018","Oct 25, 2018",10 days,2
500,95424,18/19,Knock,"Jul 2, 2018","Jul 9, 2018",7 days,2
501,95424,16/17,Ankle injury,"May 15, 2017","Jun 1, 2017",17 days,2
502,95424,14/15,Ankle injury,"Apr 2, 2015","May 25, 2015",53 days,8
503,95424,14/15,Groin surgery,"Sep 1, 2014","Dec 11, 2014",101 days,37
504,95424,13/14,Groin injury,"Mar 17, 2014","Jul 3, 2014",108 days,19
505,95424,13/14,Hip problems,"Feb 17, 2014","Mar 3, 2014",14 days,4
506,95424,11/12,Ankle injury,"Feb 23, 2012","Mar 5, 2012",11 days,5
507,357565,20/21,Knock,"Feb 11, 2021","Feb 12, 2021",1 days,-
508,357565,19/20,Muscle injury,"Oct 22, 2019","Nov 9, 2019",18 days,5
509,351749,22/23,Shoulder injury,"Aug 26, 2022","Nov 8, 2022",74 days,18
510,351749,21/22,Hamstring injury,"Dec 2, 2021","Mar 14, 2022",102 days,16
511,351749,20/21,Calf injury,"Feb 8, 2021","Mar 8, 2021",28 days,6
512,351749,20/21,Shoulder injury,"Oct 22, 2020","Nov 23, 2020",32 days,7
513,601883,22/23,Shoulder injury,"Nov 4, 2022","Nov 12, 2022",8 days,3
514,601883,20/21,Corona virus,"Mar 17, 2021","Mar 29, 2021",12 days,3
515,51471,22/23,Knock,"May 20, 2023","May 27, 2023",7 days,2
516,51471,22/23,Ill,"Feb 20, 2023","Feb 27, 2023",7 days,1
517,51471,22/23,Calf problems,"Jan 21, 2023","Feb 4, 2023",14 days,2
518,51471,22/23,Rest,"Dec 18, 2022","Dec 28, 2022",10 days,1
519,51471,22/23,Knee problems,"Aug 7, 2022","Aug 24, 2022",17 days,2
520,51471,21/22,Ankle injury,"Apr 17, 2022","Apr 30, 2022",13 days,4
521,51471,21/22,Corona virus,"Dec 3, 2021","Dec 18, 2021",15 days,4
522,51471,21/22,Adductor pain,"Oct 29, 2021","Dec 1, 2021",33 days,9
523,51471,20/21,Muscle injury,"Apr 11, 2021","May 14, 2021",33 days,9
524,51471,19/20,Calf injury,"Jul 2, 2020","Jul 10, 2020",8 days,2
525,51471,19/20,Achilles tendon problems,"Mar 4, 2020","Jun 6, 2020",94 days,1
526,51471,19/20,Knee injury,"Oct 15, 2019","Oct 18, 2019",3 days,-
527,51471,19/20,Calf injury,"Sep 1, 2019","Sep 12, 2019",11 days,2
528,51471,18/19,Knock,"Dec 9, 2018","Dec 15, 2018",6 days,1
529,51471,18/19,Knock,"Dec 3, 2018","Dec 4, 2018",1 days,-
530,241641,23/24,muscular problems,"Aug 14, 2023","Aug 26, 2023",12 days,2
531,241641,21/22,muscular problems,"Nov 9, 2021","Nov 12, 2021",3 days,1
532,241641,20/21,Muscle injury,"Sep 8, 2020","Sep 30, 2020",22 days,4
533,241641,18/19,Knock,"Apr 7, 2019","Apr 14, 2019",7 days,2
534,241641,18/19,Knock,"Nov 19, 2018","Nov 30, 2018",11 days,3
535,241641,16/17,Ankle injury,"Jun 25, 2017","Jun 27, 2017",2 days,-
536,241641,15/16,Hamstring injury,"May 9, 2016","Jul 10, 2016",62 days,11
537,241641,15/16,Hamstring injury,"Feb 8, 2016","Feb 29, 2016",21 days,4
538,88755,22/23,Partial muscle tear,"Aug 12, 2023",-,117 days,25
539,88755,22/23,Foot bruise,"Apr 26, 2023","May 4, 2023",8 days,3
540,88755,22/23,Ill,"Feb 21, 2023","Feb 24, 2023",3 days,1
541,88755,21/22,Corona virus,"Nov 19, 2021","Dec 3, 2021",14 days,4
542,88755,21/22,Ankle injury,"Aug 1, 2021","Sep 10, 2021",40 days,7
543,88755,20/21,Facial fracture,"May 29, 2021","Jun 14, 2021",16 days,4
544,88755,20/21,Fracture of the eye socket,"May 29, 2021","Jun 7, 2021",9 days,3
545,88755,20/21,muscular problems,"May 5, 2021","May 15, 2021",10 days,2
546,88755,20/21,Hamstring injury,"Jan 21, 2021","Feb 16, 2021",26 days,7
547,88755,20/21,Muscle injury,"Oct 12, 2020","Oct 22, 2020",10 days,3
548,88755,19/20,Back injury,"Mar 2, 2020","Mar 10, 2020",8 days,2
549,88755,19/20,Ankle problems,"Sep 29, 2019","Oct 15, 2019",16 days,4
550,88755,18/19,Hamstring injury,"Apr 21, 2019","May 11, 2019",20 days,3
551,88755,18/19,Thigh problems,"Mar 2, 2019","Mar 29, 2019",27 days,6
552,88755,18/19,muscular problems,"Dec 27, 2018","Jan 2, 2019",6 days,1
553,203460,23/24,Hamstring injury,"Aug 29, 2023","Sep 23, 2023",25 days,6
554,203460,20/21,Shin injury,"Feb 20, 2021","May 10, 2021",79 days,17
555,203460,20/21,Calf injury,"Oct 2, 2020","Oct 3, 2020",1 days,-
556,203460,19/20,Calf injury,"Oct 27, 2019","Nov 24, 2019",28 days,8
557,203460,18/19,Fever,"Apr 12, 2019","Apr 16, 2019",4 days,1
558,203460,18/19,Shin injury,"Dec 7, 2018","Feb 28, 2019",83 days,15
559,203460,17/18,Kidney problems,"Aug 1, 2017","Oct 15, 2017",75 days,24
560,203460,15/16,Ankle injury,"Feb 7, 2016","Apr 1, 2016",54 days,9
561,203460,15/16,Tonsillitis,"Jan 7, 2016","Jan 22, 2016",15 days,4
562,203460,15/16,Achilles tendon problems,"Jul 15, 2015","Aug 16, 2015",32 days,2
563,486049,22/23,Hamstring injury,"Mar 6, 2023","Mar 21, 2023",15 days,2
564,486049,22/23,horse kiss,"Oct 5, 2022","Oct 24, 2022",19 days,5
565,486049,22/23,Muscle injury,"Aug 29, 2022","Sep 14, 2022",16 days,4
566,486049,21/22,Calf injury,"Mar 16, 2022","Apr 29, 2022",44 days,10
567,486049,21/22,Hamstring injury,"Jan 29, 2022","Feb 21, 2022",23 days,3
568,486049,21/22,Knee injury,"Dec 2, 2021","Dec 31, 2021",29 days,5
569,486049,21/22,Knee injury,"Oct 15, 2021","Nov 13, 2021",29 days,8
570,486049,21/22,Hamstring injury,"Aug 23, 2021","Oct 4, 2021",42 days,13
571,406635,22/23,Appendectomy,"Mar 26, 2023","Apr 17, 2023",22 days,4
572,406635,21/22,Foot injury,"Aug 1, 2021","Sep 9, 2021",39 days,7
573,406635,19/20,Ill,"Sep 15, 2019","Sep 25, 2019",10 days,3
574,406635,17/18,Foot injury,"Dec 21, 2017","Feb 9, 2018",50 days,12
575,418560,23/24,Ankle injury,"Nov 17, 2023","Nov 24, 2023",7 days,-
576,418560,23/24,Ankle injury,"Nov 5, 2023","Nov 6, 2023",1 days,-
577,418560,22/23,Groin problems,"Mar 21, 2023","Apr 3, 2023",13 days,3
578,418560,22/23,Foot bruise,"Oct 26, 2022","Nov 4, 2022",9 days,2
579,418560,21/22,Ill,"May 5, 2022","May 5, 2022",0 days,-
580,418560,21/22,muscular problems,"Jan 24, 2022","Mar 7, 2022",42 days,6
581,418560,21/22,Hip flexor problems,"Oct 21, 2021","Nov 25, 2021",35 days,9
582,418560,21/22,muscular problems,"Sep 23, 2021","Oct 11, 2021",18 days,5
583,418560,20/21,minor knock,"May 6, 2021","May 10, 2021",4 days,1
584,418560,20/21,muscular problems,"Apr 29, 2021","May 3, 2021",4 days,1
585,418560,20/21,Torn muscle fiber,"Nov 30, 2020","Dec 28, 2020",28 days,7
586,418560,20/21,Knee problems,"Oct 29, 2020","Nov 2, 2020",4 days,1
587,418560,19/20,Knee problems,"May 28, 2020","Jun 8, 2020",11 days,3
588,418560,19/20,Injury to abdominal muscles,"Dec 12, 2019","Dec 16, 2019",4 days,1
589,418560,19/20,Knee problems,"Nov 14, 2019","Nov 25, 2019",11 days,3
590,576024,22/23,Ill,"Mar 4, 2022","Mar 6, 2022",2 days,1
591,403151,22/23,Knock,"May 13, 2023","May 29, 2023",16 days,5
592,116648,22/23,unknown injury,"Apr 27, 2023","Oct 16, 2023",172 days,16
593,116648,18/19,Knee surgery,"Feb 1, 2019","May 15, 2019",103 days,14
594,116648,18/19,Fitness,"Aug 13, 2018","Aug 18, 2018",5 days,1
595,116648,18/19,unknown injury,"Jul 1, 2018","Aug 13, 2018",43 days,5
596,116648,17/18,Fitness,"Aug 1, 2017","Aug 21, 2017",20 days,5
597,116648,15/16,Knee surgery,"Aug 19, 2015","Feb 7, 2016",172 days,36
598,614258,23/24,Shoulder injury,"Nov 14, 2023","Nov 20, 2023",6 days,-
599,614258,22/23,Torn muscle bundle,"Jan 20, 2023","Feb 25, 2023",36 days,5
600,614258,21/22,Knee injury,"Jan 7, 2022","Feb 20, 2022",44 days,9
601,614258,21/22,Ankle injury,"Sep 26, 2021","Oct 13, 2021",17 days,9
602,386047,23/24,Muscle injury,"Oct 8, 2023","Oct 19, 2023",11 days,2
603,386047,21/22,Corona virus,"Dec 30, 2021","Jan 12, 2022",13 days,2
604,463603,23/24,Fitness,"Sep 18, 2023","Nov 20, 2023",63 days,9
605,463603,23/24,Groin injury,"May 29, 2023","Sep 17, 2023",111 days,6
606,463603,22/23,Hamstring injury,"May 19, 2023","Aug 31, 2023",104 days,7
607,463603,22/23,Adductor injury,"Oct 13, 2022","Oct 20, 2022",7 days,2
608,463603,22/23,Muscle injury,"Jul 15, 2022","Aug 10, 2022",26 days,3
609,463603,21/22,Hamstring injury,"Jan 9, 2022","Mar 3, 2022",53 days,10
610,463603,21/22,Corona virus,"Dec 30, 2021","Jan 6, 2022",7 days,1
611,463603,21/22,Hamstring injury,"Nov 26, 2021","Dec 20, 2021",24 days,6
612,475411,23/24,Cruciate ligament tear,"Jul 17, 2023",-,143 days,18
613,475411,22/23,Knee injury,"Dec 20, 2022","Feb 13, 2023",55 days,9
614,475411,22/23,Knee injury,"Oct 6, 2022","Dec 16, 2022",71 days,17
615,475411,21/22,Broken fibula,"Aug 4, 2021","Mar 15, 2022",223 days,63
616,475411,20/21,Hamstring strain,"Feb 3, 2021","Mar 1, 2021",26 days,8
617,475411,20/21,Knee injury,"Dec 27, 2020","Jan 2, 2021",6 days,1
618,475411,20/21,Knee injury,"Nov 9, 2020","Nov 21, 2020",12 days,5
619,475411,19/20,Knee injury,"Nov 8, 2019","Nov 27, 2019",19 days,9
620,475411,19/20,Knee injury,"Aug 10, 2019","Oct 5, 2019",56 days,17
621,346314,23/24,Thigh problems,"Aug 1, 2023",-,128 days,18
622,346314,21/22,surgery,"Feb 27, 2022","Mar 3, 2022",4 days,2
623,346314,21/22,Hamstring injury,"Jan 3, 2022","Jan 21, 2022",18 days,5
624,346314,17/18,Ankle injury,"Jul 10, 2017","Sep 5, 2017",57 days,12
625,344596,22/23,Muscle injury,"Mar 31, 2023","Jun 30, 2023",91 days,-
626,344596,22/23,Hip injury,"Feb 3, 2023","Feb 18, 2023",15 days,3
627,344596,19/20,Ankle injury,"Jan 3, 2020","Jan 20, 2020",17 days,3
628,344596,19/20,Back injury,"Aug 12, 2019","Sep 19, 2019",38 days,4
629,29241,22/23,Ligament injury,"Feb 27, 2023","Apr 10, 2023",42 days,7
630,29241,22/23,Knee injury,"Feb 26, 2023","Apr 10, 2023",43 days,8
631,29241,21/22,Corona virus,"Jan 5, 2022","Jan 11, 2022",6 days,2
632,29241,21/22,Knee problems,"Dec 26, 2021","Dec 31, 2021",5 days,2
633,29241,20/21,Thigh problems,"Feb 5, 2021","Mar 7, 2021",30 days,7
634,29241,20/21,Knock,"Sep 10, 2020","Sep 22, 2020",12 days,2
635,29241,19/20,Hamstring strain,"Feb 24, 2020","Mar 15, 2020",20 days,3
636,29241,19/20,Groin injury,"Jan 27, 2020","Feb 10, 2020",14 days,4
637,29241,19/20,Ill,"Oct 30, 2019","Nov 3, 2019",4 days,1
638,29241,19/20,Rest,"Sep 24, 2019","Sep 26, 2019",2 days,1
639,29241,18/19,Meniscus injury,"Apr 15, 2019","Jun 4, 2019",50 days,8
640,29241,18/19,Adductor pain,"Oct 18, 2018","Oct 30, 2018",12 days,3
641,29241,17/18,Muscle injury,"Oct 5, 2017","Oct 19, 2017",14 days,3
642,29241,16/17,Calf problems,"Feb 9, 2017","Feb 20, 2017",11 days,3
643,29241,16/17,Hip injury,"Jul 28, 2016","Sep 12, 2016",46 days,7
644,316125,23/24,Hamstring injury,"Sep 27, 2023",-,71 days,11
645,316125,22/23,Hamstring injury,"May 6, 2023","Jun 3, 2023",28 days,5
646,316125,22/23,Hamstring injury,"Nov 3, 2022","Jan 31, 2023",89 days,15
647,316125,21/22,Cruciate ligament tear,"Nov 22, 2021","May 19, 2022",178 days,45
648,316125,20/21,Quarantine,"Jun 21, 2021","Jun 28, 2021",7 days,1
649,316125,20/21,Foot injury,"Jul 6, 2020","Sep 21, 2020",77 days,6
650,316125,19/20,Muscle injury,"Mar 5, 2020","Mar 12, 2020",7 days,1
651,316125,19/20,Groin injury,"Dec 2, 2019","Dec 9, 2019",7 days,2
652,316125,19/20,Hip injury,"Aug 12, 2019","Aug 29, 2019",17 days,3
653,316125,18/19,bruise,"Feb 11, 2019","Feb 25, 2019",14 days,1
654,316125,18/19,Knee injury,"Dec 10, 2018","Dec 20, 2018",10 days,2
655,316125,17/18,Ankle injury,"Apr 30, 2018","Jun 28, 2018",59 days,13
656,316125,16/17,Ankle injury,"Oct 3, 2016","Dec 5, 2016",63 days,34
657,284857,22/23,Muscle injury,"Apr 25, 2023","Jun 2, 2023",38 days,7
658,284857,17/18,Hamstring injury,"Aug 15, 2017","Aug 27, 2017",12 days,1
659,284857,15/16,Broken nose bone,"Feb 23, 2016","Mar 19, 2016",25 days,-
660,284857,15/16,Foot injury,"Nov 29, 2015","Jan 16, 2016",48 days,-
661,485585,21/22,Hamstring injury,"Jan 4, 2022","Feb 3, 2022",30 days,5
662,472423,23/24,Hamstring injury,"Aug 13, 2023","Oct 6, 2023",54 days,9
663,472423,22/23,Hamstring injury,"Apr 25, 2023","May 31, 2023",36 days,7
664,472423,22/23,Thigh problems,"Mar 26, 2023","Mar 31, 2023",5 days,-
665,472423,22/23,Ill,"Mar 9, 2023","Mar 15, 2023",6 days,1
666,472423,22/23,Hamstring injury,"Mar 1, 2023","Mar 5, 2023",4 days,1
667,472423,22/23,Knee injury,"Dec 27, 2022","Jan 31, 2023",35 days,7
668,472423,22/23,Knee injury,"Oct 13, 2022","Dec 12, 2022",60 days,9
669,472423,21/22,Hamstring injury,"Apr 21, 2022","Apr 28, 2022",7 days,2
670,472423,21/22,Muscle injury,"Mar 3, 2022","Mar 21, 2022",18 days,5
671,472423,21/22,Fitness,"Feb 14, 2022","Feb 24, 2022",10 days,2
672,472423,21/22,Hamstring injury,"Dec 27, 2021","Feb 14, 2022",49 days,11
673,472423,20/21,Hamstring strain,"Dec 24, 2020","Jan 18, 2021",25 days,5
674,472423,20/21,Ankle injury,"Dec 14, 2020","Dec 28, 2020",14 days,4
675,472423,19/20,Knock,"Jun 1, 2020","Jun 8, 2020",7 days,-
676,472423,19/20,bruise,"Jan 20, 2020","Feb 3, 2020",14 days,3
677,620322,22/23,Hamstring injury,"Feb 9, 2023","Apr 17, 2023",67 days,13
678,620322,22/23,Strain in the thigh and gluteal muscles,"Jan 15, 2023","Jan 30, 2023",15 days,2
679,620322,22/23,Strain in the thigh and gluteal muscles,"Dec 22, 2022","Jan 8, 2023",17 days,3
680,620322,22/23,Knock,"Sep 27, 2022","Oct 5, 2022",8 days,1
681,620322,21/22,Muscle fatigue,"Sep 23, 2021","Sep 26, 2021",3 days,1
682,687626,23/24,Knock,"Sep 14, 2023","Sep 20, 2023",6 days,1
683,687626,21/22,Ill,"Apr 1, 2022","Apr 6, 2022",5 days,1
684,687626,20/21,Torn muscle fiber,"Nov 18, 2020","Dec 9, 2020",21 days,7
685,628451,23/24,Fitness,"Nov 13, 2023",-,24 days,3
686,628451,23/24,Ankle injury,"Sep 17, 2023","Nov 12, 2023",56 days,10
687,628451,23/24,Muscle tear,"Sep 8, 2023","Sep 14, 2023",6 days,-
688,628451,22/23,Hamstring injury,"Aug 30, 2022","Oct 24, 2022",55 days,10
689,711999,21/22,Injury to the ankle,"Jan 24, 2022","Mar 13, 2022",48 days,7
690,659459,23/24,Knee injury,"Oct 9, 2023",-,59 days,8
691,659459,23/24,Knee injury,"Aug 21, 2023","Oct 6, 2023",46 days,7
692,659459,22/23,Hamstring injury,"Nov 1, 2022","Dec 15, 2022",44 days,4
693,344381,23/24,Fitness,"Nov 1, 2023",-,36 days,6
694,344381,23/24,Knee injury,"Aug 3, 2023","Nov 20, 2023",109 days,15
695,344381,22/23,Torn muscle fiber,"Mar 4, 2023","Apr 12, 2023",39 days,8
696,344381,22/23,Fitness,"Feb 7, 2023","Feb 17, 2023",10 days,1
697,344381,22/23,Torn lateral knee ligament,"Nov 15, 2022","Feb 6, 2023",83 days,12
698,344381,22/23,Wrist injury,"Oct 17, 2022","Oct 20, 2022",3 days,1
699,344381,21/22,Corona virus,"Dec 30, 2021","Jan 6, 2022",7 days,-
700,344381,20/21,Back problems,"May 3, 2021","May 10, 2021",7 days,1
701,344381,20/21,Ankle problems,"Dec 10, 2020","Jan 11, 2021",32 days,6
702,568177,21/22,Foot injury,"Jan 8, 2022","Apr 11, 2022",93 days,20
703,568177,20/21,Virus,"Jan 6, 2021","Jan 25, 2021",19 days,2
704,134425,22/23,Hamstring injury,"Mar 9, 2023","Apr 2, 2023",24 days,3
705,134425,22/23,Knee problems,"Feb 9, 2023","Feb 12, 2023",3 days,1
706,134425,22/23,Hamstring injury,"Jan 5, 2023","Feb 2, 2023",28 days,5
707,134425,20/21,Knock,"Jan 8, 2021","Jan 12, 2021",4 days,1
708,134425,20/21,Calf strain,"Nov 14, 2020","Nov 20, 2020",6 days,2
709,134425,19/20,Hamstring injury,"Feb 2, 2020","Feb 24, 2020",22 days,3
710,134425,18/19,Back injury,"Sep 2, 2018","Sep 14, 2018",12 days,2
711,134425,17/18,Hamstring injury,"Feb 13, 2018","Mar 11, 2018",26 days,6
712,134425,17/18,Back problems,"Nov 6, 2017","Nov 15, 2017",9 days,2
713,134425,16/17,Calf strain,"Oct 3, 2016","Oct 14, 2016",11 days,2
714,134425,15/16,Groin injury,"Mar 21, 2016","Apr 18, 2016",28 days,7
715,134425,14/15,Ankle injury,"Feb 8, 2015","Feb 19, 2015",11 days,3
716,134425,12/13,Hip injury,"Apr 3, 2013","Jul 12, 2013",100 days,18
717,537860,23/24,Muscle strain,"Oct 27, 2023","Nov 3, 2023",7 days,2
718,537860,23/24,unknown injury,"Aug 23, 2023","Aug 31, 2023",8 days,2
719,537860,21/22,Knock,"Aug 10, 2021","Aug 15, 2021",5 days,2
720,503987,23/24,Muscle injury,"Sep 17, 2023","Sep 25, 2023",8 days,2
721,503987,22/23,Ankle injury,"Jul 28, 2022","Oct 17, 2022",81 days,21
722,503987,21/22,Muscle injury,"Apr 11, 2022","May 5, 2022",24 days,8
723,503987,21/22,Muscle injury,"Dec 9, 2021","Feb 7, 2022",60 days,9
724,503987,21/22,Muscle injury,"Oct 21, 2021","Dec 2, 2021",42 days,10
725,503987,21/22,Muscle injury,"Sep 20, 2021","Oct 14, 2021",24 days,6
726,503987,20/21,Knock,"Jan 25, 2021","Feb 25, 2021",31 days,8
727,503987,20/21,minor knock,"Jan 11, 2021","Jan 18, 2021",7 days,2
728,503987,18/19,minor knock,"May 2, 2019","May 9, 2019",7 days,2
729,776890,22/23,Hip problems,"Jan 7, 2023","Mar 4, 2023",56 days,16
730,776890,20/21,Thigh problems,"Oct 25, 2020","Nov 1, 2020",7 days,3
731,776890,20/21,Fitness,"Oct 9, 2020","Oct 11, 2020",2 days,1
732,776890,20/21,Muscle fiber tear,"Aug 1, 2020","Oct 9, 2020",69 days,1
733,571743,23/24,Knee problems,"Oct 9, 2023","Nov 6, 2023",28 days,6
734,571743,22/23,Cruciate ligament tear,"Dec 14, 2022","Sep 14, 2023",274 days,39
735,571743,22/23,Knock,"Aug 15, 2022","Aug 25, 2022",10 days,1
736,571743,21/22,Corona virus,"May 30, 2022","Jun 9, 2022",10 days,3
737,571743,21/22,Fitness,"Nov 11, 2021","Nov 18, 2021",7 days,4
738,571743,21/22,Ankle injury,"Oct 25, 2021","Nov 4, 2021",10 days,2
739,571743,20/21,Corona virus,"Dec 14, 2020","Dec 21, 2020",7 days,2
740,105470,23/24,Muscle injury,"Nov 26, 2023",-,11 days,3
741,105470,21/22,Corona virus,"Jan 1, 2022","Jan 8, 2022",7 days,1
742,105470,20/21,Ill,"Feb 1, 2021","Feb 5, 2021",4 days,1
743,105470,20/21,Hip injury,"Nov 29, 2020","Dec 12, 2020",13 days,3
744,105470,20/21,Shoulder injury,"Oct 3, 2020","Oct 23, 2020",20 days,5
745,105470,20/21,Ill,"Sep 21, 2020","Sep 27, 2020",6 days,1
746,105470,19/20,Hip injury,"Mar 1, 2020","May 20, 2020",80 days,3
747,105470,19/20,Calf injury,"Aug 10, 2019","Oct 16, 2019",67 days,15
748,105470,17/18,muscular problems,"May 18, 2018","May 22, 2018",4 days,1
749,105470,14/15,Muscle injury,"Jun 29, 2015","Jul 14, 2015",15 days,4
750,340918,21/22,Hamstring injury,"Jun 15, 2022","Sep 28, 2022",105 days,9
751,340918,21/22,Ill,"Oct 22, 2021","Nov 1, 2021",10 days,3
752,71271,21/22,Calf injury,"Dec 3, 2021","Jan 2, 2022",30 days,8
753,71271,15/16,Calf injury,"May 6, 2016","May 16, 2016",10 days,3
754,486604,19/20,Elbow injury,"Jul 16, 2019","Dec 31, 2019",168 days,38
755,357119,23/24,Muscle injury,"Aug 25, 2023","Sep 14, 2023",20 days,4
756,357119,22/23,Muscle injury,"Jan 30, 2023","Feb 27, 2023",28 days,5
757,357119,22/23,Knee injury,"Aug 1, 2022","Sep 25, 2022",55 days,10
758,357119,20/21,Ankle injury,"Dec 17, 2020","Feb 4, 2021",49 days,9
759,357119,20/21,Torn muscle fiber,"Jul 1, 2020","Oct 15, 2020",106 days,15
760,357119,19/20,Torn muscle fiber,"May 22, 2020","Jun 5, 2020",14 days,3
761,357119,19/20,Torn muscle fiber,"Oct 3, 2019","Mar 11, 2020",160 days,35
762,357119,17/18,minor knock,"Dec 18, 2017","Dec 23, 2017",5 days,-
763,357119,17/18,Thigh problems,"Nov 9, 2017","Nov 16, 2017",7 days,4
764,139208,22/23,Hamstring injury,"Jan 2, 2023","Feb 12, 2023",41 days,7
765,139208,21/22,Rest,"Jun 6, 2022","Jun 16, 2022",10 days,3
766,139208,21/22,Knee problems,"May 16, 2022","May 19, 2022",3 days,1
767,139208,21/22,Corona virus,"Dec 16, 2021","Dec 27, 2021",11 days,3
768,139208,20/21,Cruciate ligament tear,"Oct 19, 2020","Jun 30, 2021",254 days,57
769,139208,19/20,Ill,"Dec 16, 2019","Dec 19, 2019",3 days,2
770,139208,18/19,Ankle injury,"Apr 1, 2019","Apr 4, 2019",3 days,-
771,139208,18/19,Ill,"Jan 21, 2019","Jan 28, 2019",7 days,-
772,139208,18/19,Ill,"Jan 3, 2019","Jan 10, 2019",7 days,2
773,139208,18/19,Rib fracture,"Oct 15, 2018","Oct 18, 2018",3 days,1
774,139208,18/19,Knock,"Sep 24, 2018","Sep 27, 2018",3 days,1
775,139208,17/18,Thigh problems,"Dec 21, 2017","Jan 15, 2018",25 days,6
776,139208,16/17,Ankle injury,"Jan 26, 2017","Sep 14, 2017",231 days,30
777,139208,14/15,Knock,"May 14, 2015","May 18, 2015",4 days,1
778,139208,11/12,Appendectomy,"Mar 29, 2012","Jul 2, 2012",95 days,22
779,256178,22/23,Muscle injury,"Feb 21, 2023","Mar 14, 2023",21 days,5
780,256178,20/21,Patellar tendon problems,"Nov 11, 2020","Jun 30, 2021",231 days,39
781,256178,19/20,Knock,"Mar 1, 2020","Mar 2, 2020",1 days,-
782,256178,18/19,Ankle surgery,"Dec 5, 2018","Apr 8, 2019",124 days,25
783,256178,18/19,Knock,"Aug 5, 2018","Aug 11, 2018",6 days,-
784,256178,17/18,Ankle surgery,"May 8, 2018","Jul 1, 2018",54 days,7
785,256178,17/18,Ankle injury,"Mar 23, 2018","Apr 20, 2018",28 days,6
786,256178,16/17,Achilles tendon problems,"Jul 15, 2016","Nov 20, 2016",128 days,47
787,256178,15/16,Cruciate ligament injury,"Oct 12, 2015","Jun 2, 2016",234 days,104
788,82105,23/24,Cruciate ligament tear,"Dec 4, 2023","Jun 30, 2024",209 days,26
789,82105,22/23,Calf injury,"Oct 11, 2022","Oct 26, 2022",15 days,5
790,82105,21/22,Ill,"Mar 3, 2022","Mar 7, 2022",4 days,1
791,82105,21/22,Corona virus,"Dec 30, 2021","Jan 6, 2022",7 days,1
792,82105,20/21,Ankle injury,"Jan 28, 2021","Jul 1, 2021",154 days,23
793,82105,20/21,Groin problems,"Dec 28, 2020","Jan 21, 2021",24 days,5
794,82105,20/21,Back problems,"Dec 14, 2020","Dec 17, 2020",3 days,1
795,82105,20/21,bruise,"Oct 19, 2020","Nov 2, 2020",14 days,4
796,82105,20/21,Thigh problems,"Sep 14, 2020","Oct 15, 2020",31 days,5
797,82105,20/21,Ankle injury,"Jun 22, 2020","Jul 30, 2020",38 days,8
798,82105,19/20,Knee injury,"Oct 28, 2019","Jan 16, 2020",80 days,19
799,82105,18/19,Broken collarbone,"Dec 13, 2018","Jan 10, 2019",28 days,6
800,82105,17/18,Hamstring injury,"Apr 2, 2018","Jul 2, 2018",91 days,11
801,82105,17/18,Muscle injury,"Nov 30, 2017","Dec 25, 2017",25 days,6
802,82105,16/17,Ankle injury,"Dec 12, 2016","Jan 9, 2017",28 days,6
803,234803,23/24,Shoulder injury,"Oct 12, 2023","Dec 31, 2023",80 days,17
804,234803,22/23,Knee injury,"Sep 8, 2022","Oct 10, 2022",32 days,4
805,234803,20/21,Hip injury,"Nov 14, 2020","Nov 18, 2020",4 days,2
806,234803,19/20,Ankle injury,"Nov 11, 2019","Nov 22, 2019",11 days,2
807,234803,18/19,Torn thigh muscle,"Jun 12, 2019","Jun 24, 2019",12 days,-
808,234803,18/19,Fracture of fibula shaft,"May 8, 2019","May 11, 2019",3 days,-
809,234803,18/19,Arm injury,"Feb 25, 2019","Feb 26, 2019",1 days,-
810,234803,18/19,Knock,"Dec 3, 2018","Dec 7, 2018",4 days,1
811,234803,17/18,Knock,"Mar 28, 2018","Mar 30, 2018",2 days,-
812,234803,16/17,Calf strain,"Oct 15, 2016","Nov 26, 2016",42 days,8
813,338070,23/24,Rest,"Nov 20, 2023","Nov 22, 2023",2 days,-
814,338070,22/23,Bruised ribs,"Mar 27, 2023","Mar 31, 2023",4 days,-
815,338070,20/21,Knee injury,"Dec 10, 2020","Jan 20, 2021",41 days,8
816,338070,20/21,Thigh problems,"Sep 25, 2020","Nov 3, 2020",39 days,12
817,338070,20/21,Quarantine,"Sep 4, 2020","Sep 19, 2020",15 days,2
818,338070,20/21,Fever,"Sep 2, 2020","Sep 4, 2020",2 days,1
819,314353,23/24,Hamstring injury,"Sep 4, 2023","Sep 29, 2023",25 days,6
820,314353,22/23,Ankle problems,"Oct 10, 2022","Oct 15, 2022",5 days,1
821,314353,21/22,Hamstring injury,"Mar 17, 2022","Mar 31, 2022",14 days,3
822,314353,21/22,Corona virus,"Jan 3, 2022","Jan 13, 2022",10 days,2
823,314353,21/22,muscular problems,"Sep 27, 2021","Oct 14, 2021",17 days,4
824,314353,21/22,Hamstring injury,"Jun 3, 2021","Jul 12, 2021",39 days,8
825,314353,20/21,Calf injury,"Nov 9, 2020","Dec 7, 2020",28 days,8
826,314353,19/20,Ill,"Oct 21, 2019","Oct 28, 2019",7 days,2
827,314353,18/19,Back problems,"Mar 18, 2019","Apr 1, 2019",14 days,3
828,314353,18/19,Knee injury,"Jan 10, 2019","Feb 11, 2019",32 days,5
829,314353,18/19,Foot injury,"Dec 10, 2018","Dec 27, 2018",17 days,4
830,624258,23/24,Back injury,"Jul 25, 2023","Nov 29, 2023",127 days,19
831,146310,22/23,concussion,"Nov 9, 2022","Nov 15, 2022",6 days,1
832,146310,22/23,bruise,"Oct 3, 2022","Oct 6, 2022",3 days,-
833,146310,21/22,Corona virus,"Apr 11, 2022","Apr 18, 2022",7 days,1
834,146310,20/21,Knee injury,"Aug 27, 2020","Sep 3, 2020",7 days,-
835,146310,18/19,Hamstring injury,"May 20, 2019","Jun 10, 2019",21 days,2
836,146310,18/19,Hamstring injury,"Feb 7, 2019","Mar 28, 2019",49 days,8
837,146310,17/18,Hip injury,"Mar 15, 2018","Mar 26, 2018",11 days,2
838,146310,16/17,Ankle sprain,"May 1, 2017","May 4, 2017",3 days,1
839,146310,16/17,Elbow injury,"Jun 27, 2016","Jul 4, 2016",7 days,1
840,146310,15/16,Adductor pain,"Oct 5, 2015","Oct 8, 2015",3 days,1
841,146310,13/14,Cruciate ligament injury,"Nov 14, 2013","Dec 12, 2013",28 days,5
842,146310,12/13,Torn muscle fiber,"Feb 14, 2013","Apr 8, 2013",53 days,9
843,146310,12/13,Ankle sprain,"May 28, 2012","Jul 23, 2012",56 days,12
844,864799,23/24,Calf injury,"Sep 29, 2023",-,69 days,14
845,864799,22/23,Adductor injury,"Mar 13, 2023","May 31, 2023",79 days,15
846,864799,21/22,Back injury,"Jan 23, 2022","Jun 30, 2022",158 days,18
847,451276,21/22,Ankle problems,"Nov 21, 2021","Nov 25, 2021",4 days,1
848,451276,20/21,Adductor pain,"Dec 22, 2020","Jul 1, 2021",191 days,60
849,451276,18/19,Torn ankle ligaments,"Aug 17, 2018","Sep 13, 2018",27 days,9
850,534033,20/21,Back injury,"Feb 2, 2021","Feb 5, 2021",3 days,1
851,534033,20/21,Virus,"Nov 7, 2020","Dec 12, 2020",35 days,5
852,478573,22/23,Knee bruise,"Feb 2, 2023","Feb 12, 2023",10 days,2
853,478573,21/22,Ankle injury,"May 4, 2022","Jun 30, 2022",57 days,10
854,478573,21/22,Corona virus,"Feb 4, 2022","Feb 12, 2022",8 days,2
855,478573,20/21,Corona virus,"Sep 19, 2020","Oct 2, 2020",13 days,2
856,433188,23/24,Thigh problems,"Nov 1, 2023","Nov 24, 2023",23 days,4
857,433188,23/24,Ankle injury,"Aug 16, 2023","Aug 30, 2023",14 days,2
858,433188,22/23,Stress reaction of the bone,"Sep 1, 2022","Oct 13, 2022",42 days,10
859,433188,21/22,Eye injury,"Nov 2, 2021","Jan 2, 2022",61 days,16
860,60444,23/24,Fitness,"Oct 3, 2023","Oct 31, 2023",28 days,5
861,60444,22/23,Hip injury,"Apr 27, 2023","Oct 2, 2023",158 days,15
862,60444,22/23,Hip flexor problems,"Feb 11, 2023","Apr 7, 2023",55 days,10
863,60444,22/23,Hamstring injury,"Aug 6, 2022","Sep 4, 2022",29 days,6
864,60444,21/22,Thigh problems,"Feb 26, 2022","Mar 6, 2022",8 days,3
865,60444,21/22,Hip injury,"Dec 27, 2021","Feb 2, 2022",37 days,7
866,60444,21/22,Corona virus,"Dec 19, 2021","Dec 29, 2021",10 days,3
867,60444,21/22,Calf injury,"Sep 18, 2021","Oct 31, 2021",43 days,10
868,60444,20/21,Knee injury,"Oct 17, 2020","Dec 28, 2020",72 days,20
869,60444,20/21,Corona virus,"Sep 23, 2020","Oct 16, 2020",23 days,7
870,60444,19/20,Groin surgery,"Jun 11, 2020","Jul 4, 2020",23 days,5
871,60444,19/20,Groin problems,"May 10, 2020","Jun 5, 2020",26 days,4
872,60444,19/20,Cervical spine injury,"Aug 23, 2019","Aug 30, 2019",7 days,1
873,60444,18/19,muscular problems,"Jan 30, 2019","Feb 3, 2019",4 days,1
874,60444,18/19,Torn lateral ankle ligament,"Oct 31, 2018","Nov 28, 2018",28 days,7
875,565822,21/22,Dislocation fracture of the ankle joint,"Sep 13, 2021","Jan 31, 2022",140 days,34
876,480692,22/23,Knee injury,"Oct 10, 2022","Apr 16, 2023",188 days,31
877,480692,20/21,Corona virus,"Jan 14, 2021","Jan 28, 2021",14 days,3
878,480692,20/21,Muscle injury,"Oct 22, 2020","Oct 29, 2020",7 days,2
879,480692,19/20,Muscle injury,"Feb 27, 2020","Mar 16, 2020",18 days,3
880,340950,22/23,Calf injury,"Oct 17, 2022","Feb 10, 2023",116 days,24
881,340950,22/23,Hamstring injury,"Aug 1, 2022","Sep 1, 2022",31 days,5
882,340950,21/22,Ankle injury,"Feb 14, 2022","Feb 28, 2022",14 days,4
883,340950,20/21,Foot injury,"May 13, 2021","May 24, 2021",11 days,4
884,340950,20/21,Knee bruise,"Dec 7, 2020","Mar 1, 2021",84 days,19
885,340950,19/20,Calf injury,"Jan 2, 2020","Jan 23, 2020",21 days,5
886,340950,19/20,Ankle injury,"Sep 23, 2019","Oct 21, 2019",28 days,7
887,340950,18/19,bruise,"Jan 31, 2019","Feb 25, 2019",25 days,5
888,340950,18/19,Hamstring injury,"Dec 13, 2018","Jan 14, 2019",32 days,7
889,340950,18/19,bruise,"Oct 29, 2018","Nov 12, 2018",14 days,2
890,340950,16/17,Ankle injury,"Aug 18, 2016","Sep 5, 2016",18 days,4
891,340950,15/16,Shoulder injury,"May 5, 2016","May 19, 2016",14 days,2
892,148455,20/21,Corona virus,"Nov 13, 2020","Nov 24, 2020",11 days,3
893,148455,19/20,Ankle injury,"Nov 11, 2019","Nov 22, 2019",11 days,2
894,148455,19/20,Ankle problems,"Oct 6, 2019","Oct 22, 2019",16 days,2
895,148455,18/19,concussion,"May 5, 2019","May 11, 2019",6 days,1
896,148455,18/19,Thigh problems,"Oct 13, 2018","Oct 18, 2018",5 days,1
897,148455,17/18,Shoulder injury,"May 27, 2018","Jun 14, 2018",18 days,2
898,148455,16/17,Torn lateral ankle ligament,"Dec 1, 2016","Dec 15, 2016",14 days,3
899,148455,15/16,Torn lateral ankle ligament,"Nov 9, 2015","Dec 7, 2015",28 days,6
900,148455,14/15,Thigh problems,"May 25, 2015","Jun 1, 2015",7 days,1
901,148455,12/13,Shoulder injury,"Jul 5, 2012","Jul 26, 2012",21 days,5
902,719673,22/23,concussion,"Mar 14, 2023","Apr 2, 2023",19 days,2
903,546543,22/23,Toe injury,"May 12, 2023","May 29, 2023",17 days,3
904,546543,22/23,Ankle injury,"Mar 16, 2023","Mar 30, 2023",14 days,2
905,546543,22/23,Shoulder injury,"Feb 22, 2023","Feb 27, 2023",5 days,1
906,546543,22/23,Shoulder injury,"Feb 18, 2023","Feb 20, 2023",2 days,1
907,546543,22/23,horse kiss,"Jan 12, 2023","Jan 19, 2023",7 days,2
908,546543,22/23,muscular problems,"Oct 20, 2022","Oct 24, 2022",4 days,1
909,546543,21/22,Knock,"Jun 10, 2022","Jun 14, 2022",4 days,1
910,546543,21/22,Foot injury,"Dec 24, 2021","Jan 6, 2022",13 days,1
911,546543,21/22,Knee injury,"Nov 8, 2021","Nov 16, 2021",8 days,2
912,546543,20/21,Knee surgery,"May 24, 2021","Aug 21, 2021",89 days,13
913,546543,20/21,unknown injury,"Apr 27, 2021","May 4, 2021",7 days,1
914,546543,20/21,Hamstring injury,"Feb 28, 2021","Mar 11, 2021",11 days,3
915,546543,20/21,Rest,"Jan 11, 2021","Jan 13, 2021",2 days,1
916,546543,20/21,Corona virus,"Nov 19, 2020","Dec 2, 2020",13 days,3
917,546543,19/20,Knock,"Sep 16, 2019","Sep 22, 2019",6 days,2
918,434675,22/23,Virus,"Mar 23, 2023","Mar 26, 2023",3 days,1
919,434675,21/22,unknown injury,"Feb 21, 2022","Mar 4, 2022",11 days,3
920,434675,21/22,Ankle injury,"Oct 22, 2021","Nov 30, 2021",39 days,9
921,434675,21/22,concussion,"Oct 8, 2021","Oct 13, 2021",5 days,1
922,434675,21/22,unknown injury,"Sep 4, 2021","Sep 9, 2021",5 days,1
923,434675,20/21,Ankle injury,"Jan 10, 2021","Mar 13, 2021",62 days,15
924,434675,20/21,Corona virus,"Oct 21, 2020","Oct 31, 2020",10 days,3
925,434675,19/20,Ill,"Sep 7, 2019","Sep 13, 2019",6 days,2
926,286047,23/24,Fever,"Nov 15, 2023","Nov 19, 2023",4 days,1
927,286047,22/23,Chest injury,"Mar 3, 2023","Apr 29, 2023",57 days,9
928,286047,18/19,Finger injury,"Jul 23, 2018","Aug 31, 2018",39 days,2
929,17965,22/23,Thigh problems,"Apr 24, 2023","Oct 2, 2023",161 days,14
930,17965,22/23,Knee injury,"Feb 6, 2023","Mar 22, 2023",44 days,9
931,17965,20/21,Knock,"Nov 30, 2020","Dec 5, 2020",5 days,1
932,17965,20/21,Knock,"Nov 22, 2020","Nov 28, 2020",6 days,1
933,17965,19/20,Groin strain,"Feb 23, 2020","Mar 6, 2020",12 days,2
934,17965,19/20,Elbow injury,"Oct 6, 2019","Jan 18, 2020",104 days,25
935,17965,18/19,Muscle injury,"Apr 18, 2019","Apr 23, 2019",5 days,2
936,17965,18/19,Hamstring strain,"Aug 28, 2018","Oct 2, 2018",35 days,8
937,17965,17/18,Hip flexor problems,"Nov 2, 2017","Nov 16, 2017",14 days,3
938,17965,16/17,Hamstring injury,"Aug 15, 2016","Sep 15, 2016",31 days,6
939,17965,15/16,Shoulder injury,"Feb 15, 2016","Feb 25, 2016",10 days,3
940,17965,15/16,Broken hand,"Jul 13, 2015","Aug 3, 2015",21 days,-
941,17965,14/15,Knee injury,"Mar 23, 2015","Apr 23, 2015",31 days,5
942,52570,23/24,Back problems,"Jul 10, 2023","Aug 27, 2023",48 days,3
943,52570,21/22,unknown injury,"Dec 2, 2021","Dec 25, 2021",23 days,3
944,52570,16/17,Abdominal muscle strain,"Nov 7, 2016","Nov 18, 2016",11 days,3
945,52570,14/15,Patellar tendon rupture,"Mar 24, 2015","Jan 5, 2016",287 days,45
946,282823,23/24,Ankle injury,"Aug 3, 2023",-,126 days,16
947,355915,22/23,Hamstring injury,"Oct 28, 2022","Nov 19, 2022",22 days,6
948,355915,22/23,Adductor pain,"Aug 18, 2022","Sep 2, 2022",15 days,3
949,355915,21/22,Hip problems,"May 12, 2022","May 26, 2022",14 days,3
950,355915,21/22,Hamstring injury,"Nov 17, 2021","Feb 5, 2022",80 days,18
951,355915,21/22,Quarantine,"Sep 9, 2021","Sep 17, 2021",8 days,3
952,355915,21/22,Knee injury,"Aug 20, 2021","Aug 25, 2021",5 days,1
953,355915,21/22,Knee injury,"Jun 23, 2021","Jul 10, 2021",17 days,3
954,355915,20/21,muscular problems,"Jun 10, 2021","Jun 15, 2021",5 days,1
955,355915,20/21,Corona virus,"Jan 29, 2021","Feb 2, 2021",4 days,1
956,355915,19/20,Adductor pain,"Jul 6, 2020","Jul 17, 2020",11 days,3
957,355915,19/20,Knee injury,"Feb 3, 2020","Feb 26, 2020",23 days,3
958,557459,23/24,Hamstring injury,"Nov 6, 2023","Dec 31, 2023",55 days,10
959,557459,21/22,Hamstring injury,"Feb 7, 2022","Apr 24, 2022",76 days,12
960,557459,21/22,Ill,"Aug 19, 2021","Aug 31, 2021",12 days,-
961,557459,21/22,Knee injury,"Aug 5, 2021","Aug 18, 2021",13 days,2
962,557459,20/21,Rest,"May 11, 2021","May 13, 2021",2 days,1
963,557459,20/21,Ill,"Jan 29, 2021","Feb 22, 2021",24 days,2
964,557459,20/21,Foot injury,"Sep 3, 2020","Oct 26, 2020",53 days,12
965,175722,21/22,Thigh problems,"Feb 4, 2022","Feb 15, 2022",11 days,3
966,175722,21/22,Thigh problems,"Jan 3, 2022","Jan 20, 2022",17 days,4
967,175722,20/21,Muscle strain,"Oct 13, 2020","Oct 25, 2020",12 days,3
968,175722,19/20,Hip problems,"Aug 30, 2019","Sep 12, 2019",13 days,3
969,175722,18/19,Hip injury,"Mar 22, 2019","Apr 20, 2019",29 days,7
970,175722,18/19,Virus,"Feb 3, 2019","Mar 8, 2019",33 days,6
971,175722,18/19,Appendectomy,"Dec 16, 2018","Jan 20, 2019",35 days,9
972,175722,18/19,Hamstring strain,"Oct 29, 2018","Nov 9, 2018",11 days,4
973,175722,18/19,Calf strain,"Aug 12, 2018","Aug 17, 2018",5 days,-
974,175722,16/17,unknown injury,"Sep 18, 2016","Oct 2, 2016",14 days,5
975,175722,13/14,Stomach flu,"Oct 10, 2013","Oct 21, 2013",11 days,7
976,175722,13/14,muscular problems,"Aug 5, 2013","Aug 15, 2013",10 days,2
977,175722,13/14,Thigh problems,"Jul 11, 2013","Jul 18, 2013",7 days,-
978,175722,12/13,Rib fracture,"Apr 22, 2013","Jun 20, 2013",59 days,15
979,859951,23/24,Ankle injury,"Nov 24, 2023",-,13 days,3
980,556385,23/24,Muscle injury,"Oct 23, 2023","Nov 4, 2023",12 days,2
981,556385,22/23,unknown injury,"May 4, 2023","May 7, 2023",3 days,1
982,556385,22/23,Muscle injury,"Nov 4, 2022","Jan 1, 2023",58 days,7
983,556385,21/22,unknown injury,"Jun 2, 2022","Jun 15, 2022",13 days,7
984,556385,21/22,Calf problems,"Apr 10, 2022","Apr 15, 2022",5 days,1
985,556385,21/22,muscular problems,"Feb 13, 2022","Feb 20, 2022",7 days,2
986,556385,21/22,unknown injury,"Jan 1, 2022","Jan 8, 2022",7 days,-
987,556385,21/22,Muscle fatigue,"Nov 10, 2021","Nov 18, 2021",8 days,4
988,556385,21/22,Calf problems,"Sep 8, 2021","Sep 23, 2021",15 days,3
989,556385,20/21,Muscle fatigue,"May 1, 2021","May 21, 2021",20 days,4
990,192765,23/24,Knock,"Oct 27, 2023","Nov 9, 2023",13 days,2
991,192765,23/24,Knock,"Oct 22, 2023","Oct 26, 2023",4 days,1
992,192765,22/23,Knee injury,"Sep 15, 2022","Oct 3, 2022",18 days,7
993,192765,21/22,Hamstring strain,"Mar 28, 2022","Mar 31, 2022",3 days,3
994,192765,21/22,Ill,"Oct 4, 2021","Oct 11, 2021",7 days,3
995,192765,20/21,Shin injury,"Mar 22, 2021","May 31, 2021",70 days,14
996,192765,19/20,Ankle injury,"Nov 21, 2019","Feb 10, 2020",81 days,19
997,192765,19/20,Groin injury,"Aug 8, 2019","Aug 19, 2019",11 days,2
998,192765,18/19,Groin strain,"Jan 24, 2019","Feb 25, 2019",32 days,7
999,192765,17/18,Ill,"Oct 9, 2017","Oct 23, 2017",14 days,6
1000,192765,16/17,Ankle injury,"Oct 31, 2016","Dec 12, 2016",42 days,9
1001,192765,15/16,Head injury,"Mar 17, 2016","Mar 24, 2016",7 days,5
1002,192765,14/15,Shoulder injury,"Apr 27, 2015","Jul 2, 2015",66 days,5
1003,192765,13/14,muscle stiffness,"Feb 20, 2014","Feb 27, 2014",7 days,3
1004,192765,13/14,ankle sprain,"Oct 21, 2013","Nov 4, 2013",14 days,3
1005,553875,22/23,Knock,"Sep 22, 2022","Oct 9, 2022",17 days,5
1006,553875,21/22,minor knock,"Mar 17, 2022","Mar 31, 2022",14 days,3
1007,553875,21/22,Muscle injury,"Dec 13, 2021","Jan 27, 2022",45 days,9
1008,553875,21/22,Muscle injury,"Nov 4, 2021","Nov 15, 2021",11 days,3
1009,553875,21/22,Knee bruise,"Jul 15, 2021","Aug 9, 2021",25 days,2
1010,553875,20/21,Muscle injury,"May 13, 2021","May 31, 2021",18 days,2
1011,553875,20/21,muscular problems,"May 3, 2021","May 10, 2021",7 days,1
1012,553875,20/21,minor knock,"Mar 4, 2021","Mar 11, 2021",7 days,1
1013,553875,20/21,Ill,"Jun 18, 2020","Jul 20, 2020",32 days,-
1014,553875,19/20,Muscle injury,"Oct 3, 2019","Oct 17, 2019",14 days,5
1015,553875,18/19,Muscle injury,"Jun 10, 2019","Jul 11, 2019",31 days,5
1016,476344,21/22,unknown injury,"Dec 3, 2021","Dec 13, 2021",10 days,2
1017,476344,20/21,Knee bruise,"Oct 4, 2020","Oct 31, 2020",27 days,4
1018,167799,19/20,Ankle injury,"Jun 26, 2020","Jul 8, 2020",12 days,2
1019,167799,18/19,concussion,"Jan 31, 2019","Feb 8, 2019",8 days,1
1020,167799,18/19,Ill,"Oct 26, 2018","Nov 3, 2018",8 days,1
1021,167799,16/17,Knock,"Nov 13, 2016","Nov 18, 2016",5 days,1
1022,167799,14/15,cold,"Apr 29, 2015","Apr 29, 2015",0 days,-
1023,167799,14/15,cold,"Apr 21, 2015","Apr 23, 2015",2 days,-
1024,167799,14/15,Ankle problems,"Mar 26, 2015","Apr 1, 2015",6 days,3
1025,167799,14/15,influenza,"Mar 5, 2015","Mar 10, 2015",5 days,1
1026,167799,14/15,bruise,"Feb 16, 2015","Feb 19, 2015",3 days,-
1027,167799,13/14,Outer ligament problems,"Aug 5, 2013","Sep 23, 2013",49 days,15
1028,406638,22/23,Foot injury,"Jul 18, 2022","Aug 29, 2022",42 days,9
1029,406638,21/22,Inflammation of pubic bone,"Feb 5, 2022","Jun 30, 2022",145 days,33
1030,406638,19/20,Hip injury,"Nov 9, 2019","Dec 4, 2019",25 days,9
1031,354362,23/24,Torn ankle ligaments,"Nov 27, 2023",-,10 days,2
1032,354362,22/23,Cruciate ligament tear,"Feb 12, 2023","Oct 24, 2023",254 days,36
1033,354362,22/23,Adductor pain,"Dec 3, 2022","Jan 16, 2023",44 days,5
1034,354362,22/23,Head injury,"Aug 28, 2022","Sep 1, 2022",4 days,2
1035,354362,21/22,Back problems,"May 23, 2022","Jun 13, 2022",21 days,3
1036,354362,21/22,Ankle injury,"Feb 25, 2022","Mar 4, 2022",7 days,2
1037,354362,20/21,Corona virus,"Mar 4, 2021","Mar 18, 2021",14 days,3
1038,354362,19/20,Knee problems,"Dec 8, 2019","Dec 13, 2019",5 days,1
1039,354362,18/19,Muscle fatigue,"Apr 21, 2019","May 9, 2019",18 days,2
1040,354362,15/16,Knee injury,"Apr 12, 2016","May 7, 2016",25 days,9
1041,568693,23/24,Knock,"Nov 22, 2023",-,15 days,3
1042,568693,21/22,Corona virus,"Jan 5, 2022","Jan 12, 2022",7 days,2
1043,410425,22/23,Broken ankle,"Feb 10, 2023","May 1, 2023",80 days,17
1044,410425,21/22,Knee injury,"Sep 19, 2021","Oct 14, 2021",25 days,6
1045,410425,18/19,Shoulder injury,"Jun 3, 2019","Sep 13, 2019",102 days,12
1046,410425,18/19,Hip injury,"Jan 6, 2019","Jan 28, 2019",22 days,3
1047,392775,23/24,surgery,"Jul 11, 2023",-,149 days,16
1048,392775,22/23,Hamstring injury,"Feb 11, 2023","Jun 30, 2023",139 days,22
1049,392775,21/22,Hamstring injury,"Mar 7, 2022","Apr 7, 2022",31 days,7
1050,392775,21/22,Muscle injury,"Dec 21, 2021","Jan 7, 2022",17 days,5
1051,392775,21/22,bruise,"Sep 1, 2021","Nov 14, 2021",74 days,18
1052,392775,21/22,Thigh problems,"Jul 1, 2021","Aug 15, 2021",45 days,1
1053,392775,20/21,Knock,"Jan 9, 2021","Feb 20, 2021",42 days,8
1054,392775,20/21,Quarantine,"Nov 11, 2020","Nov 16, 2020",5 days,1
1055,392775,19/20,Hamstring injury,"Jun 21, 2019","Nov 2, 2019",134 days,33
1056,392775,18/19,Groin strain,"Dec 14, 2018","Dec 26, 2018",12 days,3
1057,42460,23/24,Cruciate ligament tear,"Sep 20, 2023",-,78 days,10
1058,42460,21/22,Leg injury,"May 22, 2022","Jun 26, 2022",35 days,5
1059,42460,21/22,Muscle fatigue,"Mar 4, 2022","Mar 8, 2022",4 days,2
1060,42460,20/21,Corona virus,"Jun 26, 2021","Jul 14, 2021",18 days,1
1061,42460,20/21,Muscle fatigue,"Apr 2, 2021","Apr 11, 2021",9 days,3
1062,42460,19/20,Knock,"Jun 14, 2020","Jun 22, 2020",8 days,2
1063,42460,19/20,Ankle injury,"Feb 4, 2020","Mar 30, 2020",55 days,8
1064,42460,19/20,influenza,"Sep 27, 2019","Sep 30, 2019",3 days,1
1065,42460,17/18,Shoulder injury,"Feb 12, 2018","Feb 23, 2018",11 days,1
1066,42460,15/16,Leg injury,"Jun 13, 2016","Jun 16, 2016",3 days,-
1067,42460,15/16,Ankle sprain,"Jan 25, 2016","Jan 28, 2016",3 days,1
1068,42460,14/15,Adductor pain,"Feb 12, 2015","Mar 9, 2015",25 days,7
1069,42460,14/15,Muscle strain,"Feb 5, 2015","Feb 12, 2015",7 days,1
1070,42460,14/15,Broken shoulder,"Jul 28, 2014","Sep 22, 2014",56 days,8
1071,42460,13/14,Stomach flu,"Aug 8, 2013","Aug 12, 2013",4 days,1
1072,294057,23/24,Ankle injury,"Nov 10, 2023","Dec 11, 2023",31 days,5
1073,294057,22/23,Knee injury,"Dec 23, 2022","Jan 16, 2023",24 days,6
1074,294057,22/23,Knee injury,"Nov 19, 2022","Nov 27, 2022",8 days,2
1075,294057,21/22,Hip injury,"Apr 28, 2022","May 3, 2022",5 days,2
1076,294057,20/21,Hip injury,"Feb 21, 2021","Apr 12, 2021",50 days,12
1077,294057,20/21,Knee injury,"Jan 4, 2021","Jan 15, 2021",11 days,1
1078,294057,20/21,Knee injury,"Dec 27, 2020","Jan 2, 2021",6 days,1
1079,294057,20/21,Knee injury,"Dec 7, 2020","Dec 12, 2020",5 days,1
1080,294057,20/21,Hamstring injury,"Nov 6, 2020","Nov 7, 2020",1 days,-
1081,294057,20/21,Hip injury,"Jul 2, 2020","Sep 12, 2020",72 days,8
1082,294057,19/20,unknown injury,"Mar 11, 2020","Mar 25, 2020",14 days,-
1083,294057,19/20,Head injury,"Jan 10, 2020","Jan 11, 2020",1 days,1
1084,294057,19/20,Ill,"Oct 10, 2019","Oct 18, 2019",8 days,2
1085,294057,19/20,Ankle injury,"Sep 23, 2019","Oct 4, 2019",11 days,2
1086,294057,18/19,Knock,"Feb 11, 2019","Feb 22, 2019",11 days,-
1087,348795,23/24,Hamstring injury,"Aug 29, 2023","Oct 5, 2023",37 days,5
1088,348795,22/23,Torn muscle bundle,"Oct 31, 2022","Dec 19, 2022",49 days,4
1089,348795,21/22,Shin injury,"Dec 25, 2021","Dec 30, 2021",5 days,2
1090,348795,21/22,Knee injury,"Nov 18, 2021","Dec 15, 2021",27 days,5
1091,348795,21/22,Quarantine,"Sep 9, 2021","Sep 17, 2021",8 days,2
1092,348795,20/21,Hamstring injury,"Dec 20, 2020","Mar 14, 2021",84 days,23
1093,348795,20/21,Knock,"Nov 22, 2020","Nov 28, 2020",6 days,1
1094,348795,20/21,Muscle injury,"Oct 2, 2020","Oct 21, 2020",19 days,2
1095,348795,20/21,Hamstring strain,"Aug 22, 2020","Sep 16, 2020",25 days,1
1096,348795,19/20,Muscle strain,"Feb 3, 2020","Feb 15, 2020",12 days,1
1097,348795,19/20,Hip injury,"Sep 7, 2019","Oct 20, 2019",43 days,11
1098,348795,18/19,Rest,"Aug 26, 2018","Sep 3, 2018",8 days,2
1099,396638,23/24,Meniscus injury,"Oct 5, 2023",-,63 days,8
1100,396638,22/23,Knee surgery,"Aug 7, 2022","Jan 1, 2023",147 days,17
1101,396638,21/22,unknown injury,"Jan 10, 2022","Feb 16, 2022",37 days,-
1102,396638,21/22,Ankle injury,"Aug 3, 2021","Aug 12, 2021",9 days,3
1103,396638,20/21,Knock,"Sep 25, 2020","Sep 28, 2020",3 days,1
1104,396638,19/20,Adductor injury,"Jan 25, 2020","Mar 16, 2020",51 days,8
1105,396638,19/20,Muscle injury,"Dec 11, 2019","Mar 30, 2020",110 days,10
1106,396638,19/20,unknown injury,"Nov 2, 2019","Nov 25, 2019",23 days,4
1107,396638,18/19,Torn thigh muscle,"Oct 7, 2018","Nov 2, 2018",26 days,5
1108,396638,18/19,ankle sprain,"Sep 10, 2018","Sep 28, 2018",18 days,3
1109,537382,23/24,Inflammation of pubic bone,"Aug 2, 2023","Oct 5, 2023",64 days,8
1110,537382,22/23,Knock,"Aug 29, 2022","Sep 12, 2022",14 days,3
1111,537382,21/22,Hip injury,"Apr 4, 2022","Apr 14, 2022",10 days,1
1112,537382,21/22,Corona virus,"Dec 6, 2021","Dec 23, 2021",17 days,3
1113,537382,21/22,Hamstring injury,"Oct 25, 2021","Nov 18, 2021",24 days,6
1114,537382,20/21,influenza,"Dec 28, 2020","Dec 31, 2020",3 days,1
1115,431755,22/23,Thigh problems,"Sep 29, 2022","Nov 5, 2022",37 days,10
1116,431755,21/22,surgery,"Dec 7, 2021","Dec 15, 2021",8 days,2
1117,431755,20/21,Corona virus,"Jun 8, 2021","Jun 15, 2021",7 days,1
1118,431755,19/20,Adductor pain,"Feb 11, 2020","Feb 20, 2020",9 days,1
1119,431755,19/20,Left hip flexor problems,"Jan 27, 2020","Feb 7, 2020",11 days,1
1120,470607,23/24,Hamstring injury,"Sep 28, 2023","Oct 21, 2023",23 days,4
1121,91845,22/23,Groin surgery,"May 29, 2023","Jun 18, 2023",20 days,1
1122,91845,22/23,Facial fracture,"Nov 2, 2022","Nov 20, 2022",18 days,4
1123,91845,21/22,Hamstring injury,"Jan 6, 2022","Feb 3, 2022",28 days,8
1124,91845,21/22,Calf strain,"Sep 6, 2021","Sep 20, 2021",14 days,4
1125,91845,20/21,Hamstring injury,"Mar 15, 2021","Apr 5, 2021",21 days,4
1126,91845,20/21,Hamstring injury,"Sep 28, 2020","Oct 5, 2020",7 days,3
1127,91845,19/20,Broken arm,"Feb 17, 2020","Apr 30, 2020",73 days,6
1128,91845,18/19,Calf injury,"Jan 31, 2019","Feb 4, 2019",4 days,1
1129,91845,17/18,Metacarpal fracture,"Jun 15, 2017","Aug 14, 2017",60 days,4
1130,91845,15/16,Foot injury,"Sep 28, 2015","Nov 5, 2015",38 days,9
1131,91845,11/12,Torn lateral ankle ligament,"Aug 29, 2011","Sep 12, 2011",14 days,3
1132,91845,11/12,Fever,"Aug 4, 2011","Aug 8, 2011",4 days,1
1133,91845,10/11,Broken foot,"Aug 2, 2010","Oct 18, 2010",77 days,12
1134,378710,23/24,Groin surgery,"Nov 10, 2023","Dec 3, 2023",23 days,3
1135,378710,22/23,Hamstring injury,"Dec 9, 2022","Jan 13, 2023",35 days,4
1136,378710,22/23,Calf injury,"Oct 15, 2022","Nov 8, 2022",24 days,7
1137,378710,21/22,Calf injury,"Dec 12, 2021","Jan 12, 2022",31 days,4
1138,378710,21/22,Knee injury,"Sep 13, 2021","Oct 22, 2021",39 days,9
1139,378710,20/21,bruise,"Jan 2, 2021","Jan 11, 2021",9 days,1
1140,378710,20/21,Head injury,"Dec 25, 2020","Dec 31, 2020",6 days,1
1141,378710,19/20,Knee injury,"Jan 12, 2020","Jan 30, 2020",18 days,2
1142,378710,18/19,Ill,"Jun 27, 2019","Jul 1, 2019",4 days,1
1143,378710,18/19,Bruised ribs,"May 5, 2019","May 31, 2019",26 days,1
1144,378710,18/19,Bruised ribs,"Apr 22, 2019","Apr 26, 2019",4 days,-
1145,378710,18/19,bruise,"Nov 4, 2018","Nov 11, 2018",7 days,1
1146,378710,18/19,Calf injury,"Aug 12, 2018","Aug 17, 2018",5 days,-
1147,192080,23/24,Shoulder injury,"Dec 2, 2023",-,5 days,2
1148,192080,22/23,Hand injury,"May 23, 2023","Jun 20, 2023",28 days,?
1149,192080,22/23,Thigh problems,"Mar 19, 2023","Mar 31, 2023",12 days,-
1150,192080,21/22,Corona virus,"Dec 29, 2021","Jan 6, 2022",8 days,2
1151,192080,20/21,Knee surgery,"May 12, 2021","Jun 30, 2021",49 days,9
1152,192080,20/21,Head injury,"Nov 27, 2020","Dec 4, 2020",7 days,1
1153,192080,18/19,Shoulder injury,"Jul 26, 2018","Jan 4, 2019",162 days,34
1154,74960,23/24,Fever,"Oct 11, 2023","Oct 13, 2023",2 days,1
1155,74960,21/22,angina,"Mar 22, 2022","Apr 1, 2022",10 days,2
1156,74960,21/22,Foot injury,"Jul 13, 2021","Sep 20, 2021",69 days,9
1157,74960,20/21,Abdominal problems,"Mar 26, 2021","Apr 1, 2021",6 days,2
1158,74960,20/21,Heel injury,"Aug 25, 2020","Dec 21, 2020",118 days,24
1159,74960,19/20,Knee medial ligament tear,"Mar 7, 2020","Apr 1, 2020",25 days,1
1160,74960,18/19,Groin injury,"Aug 1, 2018","Aug 10, 2018",9 days,-
1161,85864,20/21,Foot injury,"Oct 21, 2020","Nov 5, 2020",15 days,2
1162,85864,19/20,Hamstring strain,"Aug 5, 2019","Aug 19, 2019",14 days,1
1163,85864,18/19,Back problems,"Nov 10, 2018","Nov 15, 2018",5 days,1
1164,85864,17/18,concussion,"May 28, 2018","Jun 11, 2018",14 days,-
1165,85864,16/17,Broken hand,"Jul 28, 2016","Sep 8, 2016",42 days,4
1166,85864,14/15,Patellar tendon irritation,"May 11, 2015","May 14, 2015",3 days,-
1167,85864,14/15,Right hip flexor problems,"Apr 13, 2015","Apr 16, 2015",3 days,-
1168,85864,13/14,Patellar tendon problems,"Sep 19, 2013","Oct 31, 2013",42 days,16
1169,142389,14/15,Groin problems,"Sep 25, 2014","Jan 1, 2015",98 days,16
1170,142389,13/14,Cyst in the knee,"Nov 12, 2013","May 1, 2014",170 days,34
1171,361093,23/24,Knee injury,"Sep 28, 2023",-,70 days,14
1172,361093,23/24,Ankle injury,"Aug 27, 2023","Sep 15, 2023",19 days,2
1173,361093,22/23,Virus,"Mar 23, 2023","Mar 30, 2023",7 days,2
1174,361093,21/22,Hamstring injury,"Mar 17, 2022","Apr 23, 2022",37 days,9
1175,361093,21/22,Groin injury,"Oct 13, 2021","Nov 29, 2021",47 days,13
1176,361093,17/18,Kidney problems,"Jan 20, 2018","Feb 16, 2018",27 days,5
1177,135343,22/23,concussion,"Feb 27, 2023","Mar 5, 2023",6 days,1
1178,135343,21/22,Adductor pain,"Mar 23, 2022","Apr 1, 2022",9 days,2
1179,135343,20/21,Knee injury,"Feb 7, 2021","Apr 25, 2021",77 days,16
1180,135343,20/21,Knock,"Jan 27, 2021","Jan 29, 2021",2 days,-
1181,135343,20/21,Virus,"Nov 29, 2020","Dec 25, 2020",26 days,4
1182,135343,19/20,Shoulder injury,"Jul 16, 2020","Sep 28, 2020",74 days,11
1183,135343,19/20,Hamstring strain,"Jan 2, 2020","Jan 17, 2020",15 days,3
1184,135343,19/20,Knock,"Dec 29, 2019","Dec 31, 2019",2 days,-
1185,135343,19/20,Knee injury,"Oct 20, 2019","Nov 24, 2019",35 days,8
1186,135343,19/20,Calf injury,"Sep 15, 2019","Sep 20, 2019",5 days,-
1187,135343,18/19,Knock,"May 6, 2019","May 11, 2019",5 days,-
1188,135343,18/19,Strain in the thigh and gluteal muscles,"Apr 21, 2019","Apr 26, 2019",5 days,-
1189,135343,18/19,concussion,"Mar 23, 2019","Apr 5, 2019",13 days,3
1190,135343,17/18,Knock,"May 17, 2018","May 24, 2018",7 days,1
1191,135343,17/18,Hamstring strain,"Jul 17, 2017","Jul 21, 2017",4 days,-
1192,183318,22/23,Calf injury,"Apr 29, 2023","May 31, 2023",32 days,6
1193,183318,21/22,Ill,"Feb 11, 2022","Feb 16, 2022",5 days,1
1194,183318,20/21,Foot injury,"Apr 4, 2021","Jun 1, 2021",58 days,9
1195,183318,20/21,Hamstring strain,"Jan 31, 2021","Feb 14, 2021",14 days,2
1196,183318,20/21,Corona virus,"Nov 25, 2020","Dec 10, 2020",15 days,1
1197,183318,20/21,Muscle fatigue,"Nov 22, 2020","Jan 17, 2021",56 days,10
1198,183318,20/21,Hip injury,"Sep 28, 2020","Oct 16, 2020",18 days,2
1199,183318,20/21,Ankle problems,"Jul 12, 2020","Sep 1, 2020",51 days,3
1200,183318,19/20,Knee injury,"Nov 9, 2019","Jan 13, 2020",65 days,12
1201,183318,18/19,Ill,"Apr 21, 2019","May 3, 2019",12 days,1
1202,183318,18/19,Knee injury,"Mar 10, 2019","Mar 31, 2019",21 days,1
1203,183318,18/19,Shoulder injury,"Nov 4, 2018","Nov 30, 2018",26 days,2
1204,183318,18/19,Ankle injury,"Sep 16, 2018","Sep 21, 2018",5 days,-
1205,183318,18/19,Ankle injury,"Aug 19, 2018","Aug 31, 2018",12 days,2
1206,183318,17/18,Ankle injury,"Nov 4, 2017","Dec 2, 2017",28 days,5
1207,170321,21/22,Calf injury,"Jul 28, 2021","Jan 1, 2022",157 days,20
1208,170321,20/21,Hamstring injury,"Feb 4, 2021","Feb 5, 2021",1 days,-
1209,170321,20/21,Hamstring strain,"Jan 13, 2021","Feb 1, 2021",19 days,4
1210,170321,20/21,Ill,"Dec 21, 2020","Jan 2, 2021",12 days,3
1211,170321,20/21,Hamstring injury,"Nov 7, 2020","Dec 18, 2020",41 days,4
1212,170321,19/20,Achilles tendon rupture,"Jan 11, 2020","Oct 18, 2020",281 days,30
1213,170321,19/20,Groin injury,"Dec 22, 2019","Jan 10, 2020",19 days,4
1214,170321,18/19,Hamstring injury,"Jan 3, 2019","Feb 22, 2019",50 days,8
1215,170321,18/19,Hamstring injury,"Nov 18, 2018","Dec 8, 2018",20 days,4
1216,170321,18/19,Hamstring injury,"Sep 23, 2018","Oct 19, 2018",26 days,4
1217,170321,17/18,Hamstring injury,"Aug 13, 2017","Dec 7, 2017",116 days,22
1218,170321,15/16,Hamstring injury,"Mar 5, 2016","Apr 9, 2016",35 days,7
1219,170321,15/16,Hamstring injury,"Aug 27, 2015","Oct 18, 2015",52 days,11
1220,170321,14/15,Hamstring injury,"Jun 6, 2015","Aug 24, 2015",79 days,4
1221,170321,14/15,Knee injury,"Feb 11, 2015","May 9, 2015",87 days,13
1222,250478,23/24,Hamstring injury,"Nov 1, 2023",-,36 days,8
1223,250478,22/23,Heel injury,"Dec 30, 2022","Mar 1, 2023",61 days,12
1224,250478,22/23,horse kiss,"Aug 6, 2022","Aug 23, 2022",17 days,3
1225,250478,20/21,Knock,"Jan 21, 2021","Jan 22, 2021",1 days,-
1226,250478,19/20,Muscle strain,"Jun 28, 2020","Jul 11, 2020",13 days,2
1227,250478,19/20,Hamstring injury,"Dec 31, 2019","Jan 17, 2020",17 days,4
1228,250478,19/20,Muscle strain,"Sep 29, 2019","Oct 4, 2019",5 days,-
1229,250478,19/20,Hamstring injury,"Aug 29, 2019","Sep 24, 2019",26 days,3
1230,250478,18/19,Knee injury,"Jan 20, 2019","Jan 29, 2019",9 days,-
1231,250478,18/19,Head injury,"Nov 30, 2018","Dec 4, 2018",4 days,1
1232,250478,17/18,Ankle problems,"Sep 19, 2017","Oct 16, 2017",27 days,3
1233,250478,16/17,Hamstring injury,"Oct 16, 2016","May 4, 2017",200 days,42
1234,134270,23/24,Back injury,"Nov 4, 2023",-,33 days,7
1235,134270,22/23,concussion,"Aug 21, 2022","Aug 26, 2022",5 days,2
1236,134270,21/22,Shoulder injury,"Dec 26, 2021","Dec 28, 2021",2 days,1
1237,134270,21/22,Knee injury,"Oct 27, 2021","Nov 19, 2021",23 days,3
1238,134270,21/22,Torn knee ligaments,"Jul 31, 2021","Sep 18, 2021",49 days,5
1239,134270,19/20,Broken collarbone,"Jan 1, 2020","Feb 8, 2020",38 days,7
1240,503981,21/22,Cruciate ligament tear,"Apr 25, 2022","Apr 13, 2023",353 days,52
1241,503981,21/22,Knee problems,"Jan 6, 2022","Feb 3, 2022",28 days,4
1242,95810,21/22,Metatarsal fracture,"Feb 13, 2022","May 1, 2022",77 days,15
1243,95810,21/22,Shoulder injury,"Nov 8, 2021","Dec 10, 2021",32 days,7
1244,95810,19/20,Groin strain,"Jan 16, 2020","Feb 20, 2020",35 days,7
1245,95810,18/19,Strain in the thigh and gluteal muscles,"Mar 3, 2019","Mar 22, 2019",19 days,3
1246,95810,18/19,Groin strain,"Nov 10, 2018","Dec 13, 2018",33 days,9
1247,95810,18/19,bruise,"Aug 1, 2018","Aug 17, 2018",16 days,1
1248,95810,17/18,Ankle injury,"Aug 5, 2017","Aug 19, 2017",14 days,1
1249,184528,22/23,Cruciate ligament tear,"Aug 24, 2022","Aug 1, 2023",342 days,43
1250,184528,20/21,Ankle injury,"Jul 21, 2020","Sep 11, 2020",52 days,3
1251,184528,19/20,Ankle injury,"Jan 21, 2020","Jun 20, 2020",151 days,9
1252,184528,17/18,Lumbago,"Mar 26, 2018","Apr 7, 2018",12 days,2
1253,184528,16/17,flu,"Oct 25, 2016","Oct 28, 2016",3 days,1
1254,184528,16/17,Muscle injury,"Oct 15, 2016","Oct 23, 2016",8 days,2
1255,184528,15/16,Shin bruise,"Oct 26, 2015","Jan 1, 2016",67 days,11
1256,184528,15/16,Lumbago,"Aug 22, 2015","Sep 25, 2015",34 days,9
1257,162029,22/23,Knock,"May 20, 2023","May 31, 2023",11 days,2
1258,162029,21/22,chickenpox,"May 12, 2022","May 23, 2022",11 days,2
1259,162029,20/21,Ankle injury,"Feb 7, 2021","Mar 10, 2021",31 days,4
1260,162029,20/21,Virus,"Jan 24, 2021","Jan 25, 2021",1 days,-
1261,162029,20/21,Virus,"Nov 29, 2020","Dec 25, 2020",26 days,4
1262,162029,20/21,Knock,"Jul 2, 2020","Jul 4, 2020",2 days,-
1263,162029,19/20,Hamstring strain,"Jan 2, 2020","Feb 28, 2020",57 days,10
1264,162029,18/19,Ankle injury,"Aug 20, 2018","Sep 14, 2018",25 days,3
1265,162029,13/14,Vertebral injury,"Feb 13, 2014","Apr 8, 2014",54 days,17
1266,520624,22/23,Ankle injury,"Feb 1, 2023","Feb 20, 2023",19 days,3
1267,520624,22/23,Hamstring injury,"Aug 25, 2022","Sep 16, 2022",22 days,3
1268,520624,20/21,Corona virus,"Jan 1, 2021","Jan 11, 2021",10 days,2
1269,397033,22/23,Rest,"Nov 17, 2022","Nov 25, 2022",8 days,2
1270,397033,22/23,Muscle fatigue,"Sep 22, 2022","Sep 28, 2022",6 days,3
1271,397033,22/23,unknown injury,"Aug 6, 2022","Aug 18, 2022",12 days,1
1272,397033,21/22,Fever,"Mar 17, 2022","Mar 19, 2022",2 days,1
1273,397033,20/21,Knee injury,"May 10, 2021","May 16, 2021",6 days,2
1274,397033,20/21,Contracture,"Mar 3, 2021","Mar 7, 2021",4 days,2
1275,397033,20/21,Bursitis,"Feb 5, 2021","Feb 9, 2021",4 days,1
1276,397033,20/21,unknown injury,"Jan 26, 2021","Jan 27, 2021",1 days,1
1277,397033,20/21,Shin bruise,"Jan 9, 2021","Jan 11, 2021",2 days,1
1278,397033,20/21,Adductor injury,"Dec 20, 2020","Dec 22, 2020",2 days,1
1279,397033,19/20,muscular problems,"Mar 8, 2020","Mar 24, 2020",16 days,1
1280,397033,19/20,muscular problems,"Feb 10, 2020","Feb 19, 2020",9 days,1
1281,333241,23/24,Hamstring injury,"Sep 13, 2023","Oct 15, 2023",32 days,7
1282,333241,22/23,Knock,"May 22, 2023","May 31, 2023",9 days,2
1283,333241,21/22,laceration,"May 22, 2022","Jun 15, 2022",24 days,1
1284,333241,21/22,Knock,"Mar 7, 2022","Mar 15, 2022",8 days,2
1285,333241,21/22,Groin injury,"Jan 22, 2022","Feb 5, 2022",14 days,1
1286,333241,19/20,Ankle injury,"Jul 2, 2020","Jul 4, 2020",2 days,-
1287,333241,19/20,Hamstring strain,"Feb 17, 2020","Feb 21, 2020",4 days,-
1288,333241,19/20,Shoulder injury,"Feb 6, 2020","Feb 15, 2020",9 days,-
1289,333241,19/20,Calf problems,"Dec 29, 2019","Dec 31, 2019",2 days,-
1290,333241,19/20,Groin injury,"Aug 18, 2019","Aug 24, 2019",6 days,-
1291,333241,18/19,Syndesmosis ligament tear,"Mar 30, 2019","May 6, 2019",37 days,5
1292,333241,18/19,Knee problems,"Dec 22, 2018","Dec 24, 2018",2 days,1
1293,333241,18/19,muscular problems,"Nov 27, 2018","Nov 29, 2018",2 days,1
1294,333241,18/19,Groin problems,"Nov 15, 2018","Nov 25, 2018",10 days,1
1295,333241,17/18,Outer ligament tear,"Apr 5, 2018","May 12, 2018",37 days,6
1296,340329,23/24,Achilles tendon problems,"Nov 24, 2023",-,13 days,4
1297,340329,23/24,Hamstring injury,"Aug 1, 2023","Oct 23, 2023",83 days,12
1298,340329,22/23,Hamstring injury,"May 18, 2023","Jun 5, 2023",18 days,3
1299,340329,21/22,Knee injury,"May 1, 2022","May 25, 2022",24 days,3
1300,340329,21/22,Knee injury,"Apr 4, 2022","Apr 10, 2022",6 days,1
1301,340329,21/22,Corona virus,"Dec 21, 2021","Dec 31, 2021",10 days,1
1302,340329,19/20,Calf injury,"Sep 2, 2019","Sep 14, 2019",12 days,2
1303,346707,23/24,Ankle injury,"Nov 11, 2023",-,26 days,5
1304,346707,22/23,Outer ligament problems,"Apr 27, 2023","May 20, 2023",23 days,5
1305,346707,20/21,Hamstring injury,"Jul 1, 2020","Jul 25, 2020",24 days,6
1306,346707,19/20,Ankle injury,"Sep 1, 2019","Sep 28, 2019",27 days,2
1307,346707,18/19,Knee injury,"Mar 3, 2019","Jul 1, 2019",120 days,9
1308,346707,16/17,horse kiss,"May 15, 2017","May 21, 2017",6 days,2
1309,922769,23/24,Fever,"Oct 16, 2023","Nov 1, 2023",16 days,4
1310,92469,22/23,Knee injury,"May 10, 2023","Jun 1, 2023",22 days,4
1311,92469,21/22,Corona virus,"Dec 21, 2021","Jan 1, 2022",11 days,1
1312,92469,20/21,Shoulder injury,"Sep 27, 2020","Nov 25, 2020",59 days,8
1313,92469,19/20,Knock,"Jun 24, 2020","Jul 1, 2020",7 days,3
1314,92469,19/20,Knock,"Jun 18, 2020","Jun 20, 2020",2 days,-
1315,92469,19/20,Ankle injury,"Aug 28, 2019","Jan 3, 2020",128 days,19
1316,92469,19/20,Hamstring injury,"Aug 3, 2019","Aug 10, 2019",7 days,-
1317,92469,19/20,Hamstring injury,"Jul 30, 2019","Aug 10, 2019",11 days,-
1318,92469,18/19,Knee injury,"Aug 28, 2018","Sep 14, 2018",17 days,2
1319,92469,17/18,Knee injury,"May 16, 2018","Jul 16, 2018",61 days,-
1320,92469,17/18,Groin injury,"Mar 26, 2018","Mar 30, 2018",4 days,-
1321,92469,17/18,Ill,"Mar 3, 2018","Mar 9, 2018",6 days,1
1322,92469,17/18,Wrist fracture,"Nov 29, 2017","Dec 1, 2017",2 days,-
1323,92469,17/18,Thigh problems,"Oct 6, 2017","Oct 14, 2017",8 days,-
1324,567576,23/24,Back injury,"Oct 23, 2023",-,45 days,10
1325,567576,20/21,Quarantine,"Oct 8, 2020","Oct 22, 2020",14 days,1
1326,503733,22/23,Ankle injury,"Mar 10, 2023","Apr 1, 2023",22 days,4
1327,503733,22/23,Ill,"Dec 29, 2022","Jan 4, 2023",6 days,2
1328,398065,23/24,Foot injury,"Sep 24, 2023",-,74 days,16
1329,398065,20/21,Knee injury,"Feb 28, 2021","Jun 30, 2021",122 days,16
1330,272999,22/23,Thigh problems,"Mar 15, 2023","Apr 15, 2023",31 days,5
1331,272999,20/21,Knee injury,"Feb 28, 2021","Mar 15, 2021",15 days,2
1332,272999,20/21,Knock,"Nov 14, 2020","Nov 20, 2020",6 days,1
1333,272999,19/20,Hamstring strain,"Jul 6, 2020","Jul 7, 2020",1 days,-
1334,272999,19/20,Knock,"Feb 6, 2020","Feb 15, 2020",9 days,-
1335,272999,19/20,Groin injury,"Jan 5, 2020","Jan 10, 2020",5 days,-
1336,272999,19/20,Hamstring injury,"Dec 9, 2019","Dec 20, 2019",11 days,1
1337,272999,19/20,Ankle injury,"Aug 26, 2019","Aug 30, 2019",4 days,1
1338,272999,18/19,Hamstring injury,"Apr 20, 2019","Jun 8, 2019",49 days,5
1339,272999,18/19,Muscle injury,"Oct 7, 2018","Oct 31, 2018",24 days,2
1340,272999,17/18,Torn muscle bundle,"Sep 25, 2017","Oct 17, 2017",22 days,6
1341,199527,23/24,Shoulder injury,"Oct 25, 2023",-,43 days,10
1342,349066,23/24,Groin injury,"Oct 25, 2023","Nov 24, 2023",30 days,6
1343,349066,22/23,Thigh problems,"Sep 20, 2022","Jan 4, 2023",106 days,16
1344,349066,21/22,Hamstring injury,"Sep 20, 2021","Oct 5, 2021",15 days,4
1345,349066,21/22,Knee problems,"Aug 10, 2021","Aug 21, 2021",11 days,1
1346,349066,18/19,Arm injury,"Dec 21, 2018","Jan 19, 2019",29 days,4
1347,349066,18/19,Shoulder injury,"Nov 24, 2018","Dec 11, 2018",17 days,5
1348,349066,18/19,Ill,"Nov 10, 2018","Nov 15, 2018",5 days,1
1349,349066,18/19,bruise,"Oct 24, 2018","Oct 27, 2018",3 days,2
1350,349066,18/19,Shin bruise,"Sep 29, 2018","Oct 6, 2018",7 days,3
1351,349066,17/18,Knee problems,"Nov 2, 2017","Dec 4, 2017",32 days,8
1352,349066,16/17,Thigh problems,"Feb 27, 2017","Mar 2, 2017",3 days,-
1353,123682,23/24,Hamstring injury,"Nov 7, 2023",-,30 days,6
1354,123682,23/24,Hamstring injury,"Sep 24, 2023","Oct 7, 2023",13 days,4
1355,123682,22/23,Corona virus,"Nov 1, 2022","Nov 11, 2022",10 days,2
1356,123682,22/23,Hamstring injury,"Aug 21, 2022","Sep 25, 2022",35 days,7
1357,123682,21/22,Calf injury,"Dec 27, 2021","May 1, 2022",125 days,20
1358,123682,21/22,Hamstring injury,"Aug 30, 2021","Oct 17, 2021",48 days,10
1359,123682,20/21,Hamstring injury,"May 8, 2021","May 25, 2021",17 days,3
1360,123682,20/21,Hamstring injury,"Feb 7, 2021","Apr 4, 2021",56 days,10
1361,123682,20/21,Hamstring injury,"Jan 4, 2021","Jan 11, 2021",7 days,1
1362,123682,20/21,Hamstring strain,"Nov 7, 2020","Nov 26, 2020",19 days,4
1363,123682,19/20,Hamstring injury,"Dec 8, 2019","Dec 20, 2019",12 days,1
1364,123682,18/19,Knee injury,"Jan 19, 2019","Mar 9, 2019",49 days,8
1365,123682,18/19,Hamstring injury,"Jan 3, 2019","Jan 18, 2019",15 days,2
1366,123682,18/19,Hamstring injury,"Dec 6, 2018","Dec 14, 2018",8 days,1
1367,123682,16/17,Cruciate ligament tear,"Feb 2, 2017","Oct 20, 2017",260 days,33
1368,111873,21/22,Knee problems,"May 20, 2022","May 29, 2022",9 days,1
1369,75458,18/19,Calf problems,"Feb 7, 2019","Feb 12, 2019",5 days,2
1370,75458,18/19,Muscle injury,"Nov 24, 2018","Nov 26, 2018",2 days,1
1371,75458,17/18,Broken collarbone,"Mar 1, 2018","May 17, 2018",77 days,13
1372,399776,20/21,Muscle injury,"Mar 12, 2021","Apr 1, 2021",20 days,6
1373,399776,19/20,Muscle injury,"Jan 23, 2020","Feb 13, 2020",21 days,5
1374,413403,21/22,Knee injury,"May 15, 2022","Jul 10, 2022",56 days,7
1375,413403,20/21,bruise,"Dec 13, 2020","Dec 25, 2020",12 days,2
1376,413403,19/20,Muscle strain,"Feb 2, 2020","Feb 15, 2020",13 days,-
1377,413403,19/20,Muscle strain,"Aug 5, 2019","Aug 9, 2019",4 days,-
1378,253677,23/24,Cruciate ligament tear,"Aug 12, 2023","Jun 12, 2024",305 days,47
1379,253677,19/20,Muscle strain,"Dec 9, 2019","Dec 31, 2019",22 days,5
1380,253677,19/20,Calf injury,"Sep 29, 2019","Oct 4, 2019",5 days,-
1381,253677,17/18,Back injury,"Sep 18, 2017","Apr 27, 2018",221 days,41
1382,253677,15/16,Cruciate ligament tear,"Aug 29, 2015","Sep 19, 2016",387 days,62
